Build started 26/06/2026 14:15:41.
Logging verbosity is set to: Detailed.     0>Terminal Logger was not used because the output is being redirected to a file.
       Process = "C:\Program Files\dotnet\dotnet.exe"
       MSBuild executable path = "C:\Program Files\dotnet\sdk\10.0.301\MSBuild.exe"
       Command line arguments = "C:\Program Files\dotnet\sdk\10.0.301\MSBuild.exe -maxcpucount --verbosity:m -tlp:default=auto /fl /flp:logfile=build.log;verbosity=detailed -distributedlogger:Microsoft.DotNet.Cli.Commands.MSBuild.MSBuildLogger,C:\Program Files\dotnet\sdk\10.0.301\dotnet.dll*Microsoft.DotNet.Cli.Commands.MSBuild.MSBuildForwardingLogger,C:\Program Files\dotnet\sdk\10.0.301\dotnet.dll"
       Current directory = "C:\Personal Projects\SoundBar"
       MSBuild version = "18.6.4+96856fd72"
       Based on the Windows registry key LongPathsEnabled, the LongPaths feature is enabled.
       Based on the Windows registry key VerifiedAndReputablePolicyState, SAC state = 0: turned off.
       C:\Personal Projects\SoundBar\SoundBar.slnx.metaproj : message : Property 'MSBuildExtensionsPath' with value 'C:\Program Files\dotnet\sdk\10.0.301\' expanded from the environment.
       Assembly loaded during Evaluation: System.Threading.ThreadPool, Version=10.0.0.0, Culture=neutral, PublicKeyToken=b03f5f7f11d50a3a (location: C:\Program Files\dotnet\shared\Microsoft.NETCore.App\10.0.9\System.Threading.ThreadPool.dll, MVID: cf6e2994-6024-4e2a-b0f1-3895853ef657, AssemblyLoadContext: Default)
       Assembly loaded during Evaluation: System.Threading.Tasks.Parallel, Version=10.0.0.0, Culture=neutral, PublicKeyToken=b03f5f7f11d50a3a (location: C:\Program Files\dotnet\shared\Microsoft.NETCore.App\10.0.9\System.Threading.Tasks.Parallel.dll, MVID: 77ed1d0e-0329-4271-95d9-44c0c22f3576, AssemblyLoadContext: Default)
       C:\Program Files\dotnet\sdk\10.0.301\NuGet.targets(125,5): message : Property reassignment: $(_GenerateRestoreGraphProjectEntryInputProperties)="
       C:\Program Files\dotnet\sdk\10.0.301\NuGet.targets(125,5): message :       ExcludeRestorePackageImports=true;
       C:\Program Files\dotnet\sdk\10.0.301\NuGet.targets(125,5): message :       _RestoreSolutionFileUsed=true;
       C:\Program Files\dotnet\sdk\10.0.301\NuGet.targets(125,5): message :       SolutionDir=C:\Personal Projects\SoundBar\;
       C:\Program Files\dotnet\sdk\10.0.301\NuGet.targets(125,5): message :       SolutionName=SoundBar;
       C:\Program Files\dotnet\sdk\10.0.301\NuGet.targets(125,5): message :       SolutionFileName=SoundBar.slnx;
       C:\Program Files\dotnet\sdk\10.0.301\NuGet.targets(125,5): message :       SolutionPath=C:\Personal Projects\SoundBar\SoundBar.slnx;
       C:\Program Files\dotnet\sdk\10.0.301\NuGet.targets(125,5): message :       SolutionExt=.slnx;
       C:\Program Files\dotnet\sdk\10.0.301\NuGet.targets(125,5): message :     " (previous value: "ExcludeRestorePackageImports=true") at C:\Program Files\dotnet\sdk\10.0.301\NuGet.targets (125,5)
       Assembly loaded during Evaluation: System.Net.Sockets, Version=10.0.0.0, Culture=neutral, PublicKeyToken=b03f5f7f11d50a3a (location: C:\Program Files\dotnet\shared\Microsoft.NETCore.App\10.0.9\System.Net.Sockets.dll, MVID: 60075a64-b379-4a1e-82de-b8b7bc8f5394, AssemblyLoadContext: Default)
       Assembly loaded during Evaluation: System.Threading.Overlapped, Version=10.0.0.0, Culture=neutral, PublicKeyToken=b03f5f7f11d50a3a (location: C:\Program Files\dotnet\shared\Microsoft.NETCore.App\10.0.9\System.Threading.Overlapped.dll, MVID: df176caf-6418-40a5-8901-ef39c68b86ed, AssemblyLoadContext: Default)
       Assembly loaded during Evaluation: System.Numerics.Vectors, Version=10.0.0.0, Culture=neutral, PublicKeyToken=b03f5f7f11d50a3a (location: C:\Program Files\dotnet\shared\Microsoft.NETCore.App\10.0.9\System.Numerics.Vectors.dll, MVID: 7d6f384f-1a71-4b4b-ac59-7540bd058e33, AssemblyLoadContext: Default)
       The target "_MTPBuild" listed in a BeforeTargets attribute at "C:\Program Files\dotnet\sdk\10.0.301\Current\SolutionFile\ImportAfter\Microsoft.NET.Sdk.Solution.targets (24,11)" does not exist in the project, and will be ignored.
       The target "Store" listed in a BeforeTargets attribute at "C:\Program Files\dotnet\sdk\10.0.301\Current\SolutionFile\ImportAfter\Microsoft.NET.Sdk.Solution.targets (33,11)" does not exist in the project, and will be ignored.
       The target "VSTest" listed in a BeforeTargets attribute at "C:\Program Files\dotnet\sdk\10.0.301\Current\SolutionFile\ImportAfter\Microsoft.NET.Sdk.Solution.targets (33,11)" does not exist in the project, and will be ignored.
       The target "_MTPBuild" listed in a BeforeTargets attribute at "C:\Program Files\dotnet\sdk\10.0.301\Current\SolutionFile\ImportAfter\Microsoft.NET.Sdk.Solution.targets (33,11)" does not exist in the project, and will be ignored.
       The target "_CheckForInvalidConfigurationAndPlatform" listed in a BeforeTargets attribute at "C:\Program Files\dotnet\sdk\10.0.301\NuGet.targets (705,11)" does not exist in the project, and will be ignored.
     1>Project "C:\Personal Projects\SoundBar\SoundBar.slnx" on node 1 (default targets).
     1>Target "ValidateSolutionConfiguration" in file "C:\Personal Projects\SoundBar\SoundBar.slnx.metaproj" from project "C:\Personal Projects\SoundBar\SoundBar.slnx" (entry point):
     1>Using "Message" task from assembly "Microsoft.Build.Tasks.Core, Version=15.1.0.0, Culture=neutral, PublicKeyToken=b03f5f7f11d50a3a".
       Task "Message"
         Building solution configuration "Debug|Any CPU".
       Done executing task "Message".
     1>Done building target "ValidateSolutionConfiguration" in project "SoundBar.slnx".
     1>Target "ValidateToolsVersions" in file "C:\Personal Projects\SoundBar\SoundBar.slnx.metaproj" from project "C:\Personal Projects\SoundBar\SoundBar.slnx" (entry point):
     1>Done building target "ValidateToolsVersions" in project "SoundBar.slnx".
     1>Target "ValidateProjects" in file "C:\Personal Projects\SoundBar\SoundBar.slnx.metaproj" from project "C:\Personal Projects\SoundBar\SoundBar.slnx" (entry point):
     1>Done building target "ValidateProjects" in project "SoundBar.slnx".
     1>Target "Build" in file "C:\Personal Projects\SoundBar\SoundBar.slnx.metaproj" from project "C:\Personal Projects\SoundBar\SoundBar.slnx" (entry point):
       Using "MSBuild" task from assembly "Microsoft.Build.Tasks.Core, Version=15.1.0.0, Culture=neutral, PublicKeyToken=b03f5f7f11d50a3a".
       Task "MSBuild"
         Global Properties:
           BuildingSolutionFile=true
           CurrentSolutionConfigurationContents=<SolutionConfiguration>
           <ProjectConfiguration Project="{2DED4800-1082-9B14-2B6B-0C1367303BD1}" AbsolutePath="C:\Personal Projects\SoundBar\SoundBar.csproj" BuildProjectInSolution="True">Debug|AnyCPU</ProjectConfiguration>
         </SolutionConfiguration>
           SolutionDir=C:\Personal Projects\SoundBar\
           SolutionExt=.slnx
           SolutionFileName=SoundBar.slnx
           SolutionName=SoundBar
           SolutionPath=C:\Personal Projects\SoundBar\SoundBar.slnx
         Additional Properties for project "C:\Personal Projects\SoundBar\SoundBar.csproj":
           Configuration=Debug
           Platform=AnyCPU
     0>The SDK "Microsoft.NET.Sdk" was successfully resolved by the "DefaultSdkResolver" resolver to location "C:\Program Files\dotnet\sdk\10.0.301\Sdks\Microsoft.NET.Sdk\Sdk" and version "".
       C:\Program Files\dotnet\sdk\10.0.301\Sdks\Microsoft.NET.Sdk\Sdk\Sdk.props(49,11): message : Property 'MSBuildExtensionsPath' with value 'C:\Program Files\dotnet\sdk\10.0.301\' expanded from the environment.
       C:\Program Files\dotnet\sdk\10.0.301\Current\Microsoft.Common.props(60,5): message : Property reassignment: $(MSBuildProjectExtensionsPath)="C:\Personal Projects\SoundBar\obj\" (previous value: "obj\") at C:\Program Files\dotnet\sdk\10.0.301\Current\Microsoft.Common.props (60,5)
       C:\Personal Projects\SoundBar\obj\SoundBar.csproj.nuget.g.props(7,5): message : Property 'USERPROFILE' with value 'C:\Users\UKGC' expanded from the environment.
       C:\Users\UKGC\.nuget\packages\microsoft.windows.sdk.buildtools\10.0.22621.2428\buildTransitive\Microsoft.Windows.SDK.BuildTools.props(4,37): message : Property 'PROCESSOR_ARCHITECTURE' with value 'AMD64' expanded from the environment.
       C:\Program Files\dotnet\sdk\10.0.301\Current\Microsoft.Common.props(84,119): message : Property 'MSBuildUserExtensionsPath' with value 'C:\Users\UKGC\AppData\Local\Microsoft\MSBuild' expanded from the environment.
       The "Configuration" property is a global property, and cannot be modified.
       The "Platform" property is a global property, and cannot be modified.
       The "Configuration" property is a global property, and cannot be modified.
       The "Platform" property is a global property, and cannot be modified.
       C:\Program Files\dotnet\sdk\10.0.301\Sdks\Microsoft.NET.Sdk\targets\Microsoft.NET.Sdk.props(90,5): message : Property reassignment: $(AssemblySearchPaths)="{CandidateAssemblyFiles};{HintPathFromItem}" (previous value: "{CandidateAssemblyFiles}") at C:\Program Files\dotnet\sdk\10.0.301\Sdks\Microsoft.NET.Sdk\targets\Microsoft.NET.Sdk.props (90,5)
       C:\Program Files\dotnet\sdk\10.0.301\Sdks\Microsoft.NET.Sdk\targets\Microsoft.NET.Sdk.props(91,5): message : Property reassignment: $(AssemblySearchPaths)="{CandidateAssemblyFiles};{HintPathFromItem};{TargetFrameworkDirectory}" (previous value: "{CandidateAssemblyFiles};{HintPathFromItem}") at C:\Program Files\dotnet\sdk\10.0.301\Sdks\Microsoft.NET.Sdk\targets\Microsoft.NET.Sdk.props (91,5)
       C:\Program Files\dotnet\sdk\10.0.301\Sdks\Microsoft.NET.Sdk\targets\Microsoft.NET.Sdk.props(92,5): message : Property reassignment: $(AssemblySearchPaths)="{CandidateAssemblyFiles};{HintPathFromItem};{TargetFrameworkDirectory};{RawFileName}" (previous value: "{CandidateAssemblyFiles};{HintPathFromItem};{TargetFrameworkDirectory}") at C:\Program Files\dotnet\sdk\10.0.301\Sdks\Microsoft.NET.Sdk\targets\Microsoft.NET.Sdk.props (92,5)
       The "DefaultSdkResolver" resolver attempted to resolve the SDK "Microsoft.NET.SDK.WorkloadAutoImportPropsLocator".
       Warnings: null
       Errors: MSB4276: The default SDK resolver failed to resolve SDK "Microsoft.NET.SDK.WorkloadAutoImportPropsLocator" because directory "C:\Program Files\dotnet\sdk\10.0.301\Sdks\Microsoft.NET.SDK.WorkloadAutoImportPropsLocator\Sdk" did not exist.
       Assembly loaded during Evaluation: Microsoft.Build.NuGetSdkResolver, Version=7.6.0.0, Culture=neutral, PublicKeyToken=31bf3856ad364e35 (location: C:\Program Files\dotnet\sdk\10.0.301\Microsoft.Build.NuGetSdkResolver.dll, MVID: e5583d1f-c737-42f8-bfb8-ad354e87f69c, AssemblyLoadContext: MSBuild plugin C:\Program Files\dotnet\sdk\10.0.301\Microsoft.Build.NuGetSdkResolver.dll)
       Assembly loaded during Evaluation: System.Reflection.Metadata, Version=10.0.0.0, Culture=neutral, PublicKeyToken=b03f5f7f11d50a3a (location: C:\Program Files\dotnet\shared\Microsoft.NETCore.App\10.0.9\System.Reflection.Metadata.dll, MVID: fee19bb7-ddfb-4290-87be-e7bc54fce89b, AssemblyLoadContext: Default)
       Assembly loaded during Evaluation: NuGet.Common, Version=7.6.0.0, Culture=neutral, PublicKeyToken=31bf3856ad364e35 (location: C:\Program Files\dotnet\sdk\10.0.301\NuGet.Common.dll, MVID: 53441cde-b7f3-4aae-afad-7f9b356c0065, AssemblyLoadContext: MSBuild plugin C:\Program Files\dotnet\sdk\10.0.301\Microsoft.Build.NuGetSdkResolver.dll)
       Assembly loaded during Evaluation: Microsoft.NET.Sdk.WorkloadMSBuildSdkResolver, Version=10.0.301.0, Culture=neutral, PublicKeyToken=31bf3856ad364e35 (location: C:\Program Files\dotnet\sdk\10.0.301\Microsoft.NET.Sdk.WorkloadMSBuildSdkResolver.dll, MVID: d9ce0dd4-5bc7-4dce-b0be-842f9569f80b, AssemblyLoadContext: MSBuild plugin C:\Program Files\dotnet\sdk\10.0.301\Microsoft.NET.Sdk.WorkloadMSBuildSdkResolver.dll)
       Assembly loaded during Evaluation: Microsoft.DotNet.Cli.CoreUtils, Version=10.0.301.0, Culture=neutral, PublicKeyToken=adb9793829ddae60 (location: C:\Program Files\dotnet\sdk\10.0.301\Microsoft.DotNet.Cli.CoreUtils.dll, MVID: 80d59bd3-ec3e-412c-9711-762ea86c8a4b, AssemblyLoadContext: MSBuild plugin C:\Program Files\dotnet\sdk\10.0.301\Microsoft.NET.Sdk.WorkloadMSBuildSdkResolver.dll)
       Assembly loaded during Evaluation: Microsoft.NET.Sdk.WorkloadManifestReader, Version=10.0.301.0, Culture=neutral, PublicKeyToken=adb9793829ddae60 (location: C:\Program Files\dotnet\sdk\10.0.301\Microsoft.NET.Sdk.WorkloadManifestReader.dll, MVID: 15d75c63-d5d4-417b-8929-77940bae9164, AssemblyLoadContext: MSBuild plugin C:\Program Files\dotnet\sdk\10.0.301\Microsoft.NET.Sdk.WorkloadMSBuildSdkResolver.dll)
       Assembly loaded during Evaluation: Microsoft.Deployment.DotNet.Releases, Version=2.0.0.0, Culture=neutral, PublicKeyToken=31bf3856ad364e35 (location: C:\Program Files\dotnet\sdk\10.0.301\Microsoft.Deployment.DotNet.Releases.dll, MVID: 2c0d9534-e211-4d4d-9419-0799af0445a8, AssemblyLoadContext: MSBuild plugin C:\Program Files\dotnet\sdk\10.0.301\Microsoft.NET.Sdk.WorkloadMSBuildSdkResolver.dll)
       The SDK "Microsoft.NET.SDK.WorkloadAutoImportPropsLocator" was successfully resolved by the "Microsoft.DotNet.MSBuildWorkloadSdkResolver" resolver to location "null" and version "null".
       C:\Personal Projects\SoundBar\SoundBar.csproj(4,5): message : Property reassignment: $(OutputType)="WinExe" (previous value: "Library") at C:\Personal Projects\SoundBar\SoundBar.csproj (4,5)
       C:\Personal Projects\SoundBar\SoundBar.csproj(9,5): message : Property reassignment: $(Platforms)="x86;x64;ARM64" (previous value: "AnyCPU") at C:\Personal Projects\SoundBar\SoundBar.csproj (9,5)
       C:\Personal Projects\SoundBar\SoundBar.csproj(15,5): message : Property reassignment: $(NoWarn)="NU1701" (previous value: "1701;1702") at C:\Personal Projects\SoundBar\SoundBar.csproj (15,5)
       The "Configuration" property is a global property, and cannot be modified.
       The "Platform" property is a global property, and cannot be modified.
       C:\Program Files\dotnet\sdk\10.0.301\Sdks\Microsoft.NET.Sdk\targets\Microsoft.NET.Sdk.ImportPublishProfile.targets(28,5): message : Property reassignment: $(PublishProfileImported)="false" (previous value: "true") at C:\Program Files\dotnet\sdk\10.0.301\Sdks\Microsoft.NET.Sdk\targets\Microsoft.NET.Sdk.ImportPublishProfile.targets (28,5)
       Assembly loaded during Evaluation: NuGet.Frameworks, Version=7.6.0.0, Culture=neutral, PublicKeyToken=31bf3856ad364e35 (location: C:\Program Files\dotnet\sdk\10.0.301\NuGet.Frameworks.dll, MVID: f139722d-71e1-4dbe-a663-31903f3d4ab1, AssemblyLoadContext: Assembly.LoadFile(C:\Program Files\dotnet\sdk\10.0.301\NuGet.Frameworks.dll))
       C:\Program Files\dotnet\sdk\10.0.301\Sdks\Microsoft.NET.Sdk\targets\Microsoft.NET.TargetFrameworkInference.targets(84,5): message : Property reassignment: $(TargetPlatformIdentifier)="Windows" (previous value: "windows") at C:\Program Files\dotnet\sdk\10.0.301\Sdks\Microsoft.NET.Sdk\targets\Microsoft.NET.TargetFrameworkInference.targets (84,5)
       C:\Program Files\dotnet\sdk\10.0.301\Sdks\Microsoft.NET.Sdk\targets\Microsoft.NET.DefaultOutputPaths.targets(127,5): message : Property reassignment: $(DefaultItemExcludes)=";bin\Debug\/**;obj\Debug\/**" (previous value: ";bin\Debug\/**") at C:\Program Files\dotnet\sdk\10.0.301\Sdks\Microsoft.NET.Sdk\targets\Microsoft.NET.DefaultOutputPaths.targets (127,5)
       C:\Program Files\dotnet\sdk\10.0.301\Sdks\Microsoft.NET.Sdk\targets\Microsoft.NET.DefaultOutputPaths.targets(142,5): message : Property reassignment: $(OutputPath)="bin\Debug\net10.0-windows10.0.19041.0\" (previous value: "bin\Debug\") at C:\Program Files\dotnet\sdk\10.0.301\Sdks\Microsoft.NET.Sdk\targets\Microsoft.NET.DefaultOutputPaths.targets (142,5)
       C:\Program Files\dotnet\sdk\10.0.301\Sdks\Microsoft.NET.Sdk\targets\Microsoft.NET.DefaultOutputPaths.targets(147,5): message : Property reassignment: $(IntermediateOutputPath)="obj\Debug\net10.0-windows10.0.19041.0\" (previous value: "obj\Debug\") at C:\Program Files\dotnet\sdk\10.0.301\Sdks\Microsoft.NET.Sdk\targets\Microsoft.NET.DefaultOutputPaths.targets (147,5)
       The "DefaultSdkResolver" resolver attempted to resolve the SDK "Microsoft.NET.SDK.WorkloadManifestTargetsLocator".
       Warnings: null
       Errors: MSB4276: The default SDK resolver failed to resolve SDK "Microsoft.NET.SDK.WorkloadManifestTargetsLocator" because directory "C:\Program Files\dotnet\sdk\10.0.301\Sdks\Microsoft.NET.SDK.WorkloadManifestTargetsLocator\Sdk" did not exist.
       The SDK "Microsoft.NET.SDK.WorkloadManifestTargetsLocator" was successfully resolved by the "Microsoft.DotNet.MSBuildWorkloadSdkResolver" resolver to location "C:\Program Files\dotnet\sdk-manifests\10.0.100\microsoft.net.sdk.android\36.1.43" and version "null".
       C:\Program Files\dotnet\sdk\10.0.301\Sdks\Microsoft.NET.Sdk\targets\Microsoft.NET.Sdk.BeforeCommon.targets(379,5): message : Property reassignment: $(RoslynTargetsPath)="C:\Program Files\dotnet\sdk\10.0.301\Sdks\Microsoft.NET.Sdk\targets\..\..\..\Roslyn" (previous value: "C:\Program Files\dotnet\sdk\10.0.301\Roslyn") at C:\Program Files\dotnet\sdk\10.0.301\Sdks\Microsoft.NET.Sdk\targets\Microsoft.NET.Sdk.BeforeCommon.targets (379,5)
       C:\Program Files\dotnet\sdk\10.0.301\Roslyn\Microsoft.Managed.Core.targets(6,5): message : Property reassignment: $(_BuildTasksDirectory)="C:\Program Files\dotnet\sdk\10.0.301\Sdks\Microsoft.NET.Sdk\targets\..\..\..\Roslyn\" (previous value: "C:\Program Files\dotnet\sdk\10.0.301\Roslyn\") at C:\Program Files\dotnet\sdk\10.0.301\Roslyn\Microsoft.Managed.Core.targets (6,5)
       C:\Program Files\dotnet\sdk\10.0.301\Roslyn\Microsoft.CSharp.Core.targets(213,5): message : Property reassignment: $(CommandLineArgsForDesignTimeEvaluation)="-langversion:14.0 -define:TRACE" (previous value: "-langversion:14.0") at C:\Program Files\dotnet\sdk\10.0.301\Roslyn\Microsoft.CSharp.Core.targets (213,5)
       The "Platform" property is a global property, and cannot be modified.
       The "Configuration" property is a global property, and cannot be modified.
       C:\Program Files\dotnet\sdk\10.0.301\Microsoft.Common.CurrentVersion.targets(175,5): message : Property reassignment: $(_DebugSymbolsProduced)="true" (previous value: "false") at C:\Program Files\dotnet\sdk\10.0.301\Microsoft.Common.CurrentVersion.targets (175,5)
       C:\Program Files\dotnet\sdk\10.0.301\Microsoft.Common.CurrentVersion.targets(185,5): message : Property reassignment: $(_DocumentationFileProduced)="false" (previous value: "true") at C:\Program Files\dotnet\sdk\10.0.301\Microsoft.Common.CurrentVersion.targets (185,5)
       The "SolutionName" property is a global property, and cannot be modified.
       The "SolutionFileName" property is a global property, and cannot be modified.
       The "SolutionPath" property is a global property, and cannot be modified.
       The "SolutionDir" property is a global property, and cannot be modified.
       The "SolutionExt" property is a global property, and cannot be modified.
       C:\Program Files\dotnet\sdk\10.0.301\Microsoft.Common.CurrentVersion.targets(393,5): message : Property reassignment: $(MSBuildCopyMarkerName)="SoundBar.csproj.Up2Date" (previous value: "SoundBar.csproj") at C:\Program Files\dotnet\sdk\10.0.301\Microsoft.Common.CurrentVersion.targets (393,5)
       C:\Program Files\dotnet\sdk\10.0.301\Microsoft.Common.CurrentVersion.targets(541,5): message : Property reassignment: $(ProcessorArchitecture)="msil" (previous value: "") at C:\Program Files\dotnet\sdk\10.0.301\Microsoft.Common.CurrentVersion.targets (541,5)
       C:\Program Files\dotnet\sdk\10.0.301\Microsoft.Common.CurrentVersion.targets(580,5): message : Property reassignment: $(DelaySign)="" (previous value: "false") at C:\Program Files\dotnet\sdk\10.0.301\Microsoft.Common.CurrentVersion.targets (580,5)
       C:\Program Files\dotnet\sdk\10.0.301\Microsoft.Common.CurrentVersion.targets(1188,5): message : Property reassignment: $(PrepareForBuildDependsOn)=";WindowsAppSDKVerifyKitVersion;GetFrameworkPaths;GetReferenceAssemblyPaths;AssignLinkMetadata" (previous value: ";WindowsAppSDKVerifyKitVersion") at C:\Program Files\dotnet\sdk\10.0.301\Microsoft.Common.CurrentVersion.targets (1188,5)
       C:\Program Files\dotnet\sdk\10.0.301\Microsoft.Common.CurrentVersion.targets(2622,5): message : Property 'LOCALAPPDATA' with value 'C:\Users\UKGC\AppData\Local' expanded from the environment.
       C:\Program Files\dotnet\sdk\10.0.301\Microsoft.Common.CurrentVersion.targets(3950,5): message : Property reassignment: $(_SGenGenerateSerializationAssembliesConfig)="Auto" (previous value: "") at C:\Program Files\dotnet\sdk\10.0.301\Microsoft.Common.CurrentVersion.targets (3950,5)
       C:\Program Files\dotnet\sdk\10.0.301\Microsoft.Common.CurrentVersion.targets(3951,5): message : Property reassignment: $(_SGenGenerateSerializationAssembliesConfig)="Off" (previous value: "Auto") at C:\Program Files\dotnet\sdk\10.0.301\Microsoft.Common.CurrentVersion.targets (3951,5)
       C:\Program Files\dotnet\sdk\10.0.301\Microsoft.Common.CurrentVersion.targets(5162,5): message : Property reassignment: $(_TargetsThatPrepareProjectReferences)="
       C:\Program Files\dotnet\sdk\10.0.301\Microsoft.Common.CurrentVersion.targets(5162,5): message :       AssignProjectConfiguration;
       C:\Program Files\dotnet\sdk\10.0.301\Microsoft.Common.CurrentVersion.targets(5162,5): message :       _SplitProjectReferencesByFileExistence
       C:\Program Files\dotnet\sdk\10.0.301\Microsoft.Common.CurrentVersion.targets(5162,5): message :     " (previous value: "_SplitProjectReferencesByFileExistence") at C:\Program Files\dotnet\sdk\10.0.301\Microsoft.Common.CurrentVersion.targets (5162,5)
       C:\Program Files\dotnet\sdk\10.0.301\Microsoft.Common.CurrentVersion.targets(6975,5): message : Property 'MSBuildExtensionsPath32' with value 'C:\Program Files\dotnet\sdk\10.0.301' expanded from the environment.
       C:\Users\UKGC\.nuget\packages\microsoft.windowsappsdk\1.4.231008000\buildTransitive\MrtCore.PriGen.targets(232,5): message : Property reassignment: $(AppxPackagePipelineVersion)="2.0" (previous value: "1.0") at C:\Users\UKGC\.nuget\packages\microsoft.windowsappsdk\1.4.231008000\buildTransitive\MrtCore.PriGen.targets (232,5)
       C:\Users\UKGC\.nuget\packages\microsoft.windowsappsdk\1.4.231008000\buildTransitive\MrtCore.PriGen.targets(257,5): message : Property reassignment: $(InsertReverseMap)="false" (previous value: "true") at C:\Users\UKGC\.nuget\packages\microsoft.windowsappsdk\1.4.231008000\buildTransitive\MrtCore.PriGen.targets (257,5)
       C:\Users\UKGC\.nuget\packages\microsoft.windowsappsdk\1.4.231008000\buildTransitive\MrtCore.PriGen.targets(335,5): message : Property reassignment: $(PrepareForRunDependsOn)="
       C:\Users\UKGC\.nuget\packages\microsoft.windowsappsdk\1.4.231008000\buildTransitive\MrtCore.PriGen.targets(335,5): message :       
       C:\Users\UKGC\.nuget\packages\microsoft.windowsappsdk\1.4.231008000\buildTransitive\MrtCore.PriGen.targets(335,5): message :       CopyFilesToOutputDirectory
       C:\Users\UKGC\.nuget\packages\microsoft.windowsappsdk\1.4.231008000\buildTransitive\MrtCore.PriGen.targets(335,5): message :     ;
       C:\Users\UKGC\.nuget\packages\microsoft.windowsappsdk\1.4.231008000\buildTransitive\MrtCore.PriGen.targets(335,5): message :       _GetSdkToolPaths;
       C:\Users\UKGC\.nuget\packages\microsoft.windowsappsdk\1.4.231008000\buildTransitive\MrtCore.PriGen.targets(335,5): message :       GetMrtPackagingOutputs;
       C:\Users\UKGC\.nuget\packages\microsoft.windowsappsdk\1.4.231008000\buildTransitive\MrtCore.PriGen.targets(335,5): message :       _GetDefaultResourceLanguage;
       C:\Users\UKGC\.nuget\packages\microsoft.windowsappsdk\1.4.231008000\buildTransitive\MrtCore.PriGen.targets(335,5): message :       _GenerateProjectPriFile;
       C:\Users\UKGC\.nuget\packages\microsoft.windowsappsdk\1.4.231008000\buildTransitive\MrtCore.PriGen.targets(335,5): message :     " (previous value: "
       C:\Users\UKGC\.nuget\packages\microsoft.windowsappsdk\1.4.231008000\buildTransitive\MrtCore.PriGen.targets(335,5): message :       CopyFilesToOutputDirectory
       C:\Users\UKGC\.nuget\packages\microsoft.windowsappsdk\1.4.231008000\buildTransitive\MrtCore.PriGen.targets(335,5): message :     ") at C:\Users\UKGC\.nuget\packages\microsoft.windowsappsdk\1.4.231008000\buildTransitive\MrtCore.PriGen.targets (335,5)
       C:\Users\UKGC\.nuget\packages\microsoft.windowsappsdk\1.4.231008000\buildTransitive\MrtCore.PriGen.targets(881,5): message : Property reassignment: $(GetCopyToOutputDirectoryItemsDependsOn)="
       C:\Users\UKGC\.nuget\packages\microsoft.windowsappsdk\1.4.231008000\buildTransitive\MrtCore.PriGen.targets(881,5): message :       ResolveProjectReferences;
       C:\Users\UKGC\.nuget\packages\microsoft.windowsappsdk\1.4.231008000\buildTransitive\MrtCore.PriGen.targets(881,5): message :       
       C:\Users\UKGC\.nuget\packages\microsoft.windowsappsdk\1.4.231008000\buildTransitive\MrtCore.PriGen.targets(881,5): message :       AssignTargetPaths;
       C:\Users\UKGC\.nuget\packages\microsoft.windowsappsdk\1.4.231008000\buildTransitive\MrtCore.PriGen.targets(881,5): message :       
       C:\Users\UKGC\.nuget\packages\microsoft.windowsappsdk\1.4.231008000\buildTransitive\MrtCore.PriGen.targets(881,5): message :       AssignProjectConfiguration;
       C:\Users\UKGC\.nuget\packages\microsoft.windowsappsdk\1.4.231008000\buildTransitive\MrtCore.PriGen.targets(881,5): message :       _SplitProjectReferencesByFileExistence
       C:\Users\UKGC\.nuget\packages\microsoft.windowsappsdk\1.4.231008000\buildTransitive\MrtCore.PriGen.targets(881,5): message :     ;
       C:\Users\UKGC\.nuget\packages\microsoft.windowsappsdk\1.4.231008000\buildTransitive\MrtCore.PriGen.targets(881,5): message :       _GetProjectReferenceTargetFrameworkProperties;
       C:\Users\UKGC\.nuget\packages\microsoft.windowsappsdk\1.4.231008000\buildTransitive\MrtCore.PriGen.targets(881,5): message :       _PopulateCommonStateForGetCopyToOutputDirectoryItems
       C:\Users\UKGC\.nuget\packages\microsoft.windowsappsdk\1.4.231008000\buildTransitive\MrtCore.PriGen.targets(881,5): message :     ;
       C:\Users\UKGC\.nuget\packages\microsoft.windowsappsdk\1.4.231008000\buildTransitive\MrtCore.PriGen.targets(881,5): message :       _SetPortablePriProperties;
       C:\Users\UKGC\.nuget\packages\microsoft.windowsappsdk\1.4.231008000\buildTransitive\MrtCore.PriGen.targets(881,5): message :       AddPriPayloadFilesToCopyToOutputDirectoryItems
       C:\Users\UKGC\.nuget\packages\microsoft.windowsappsdk\1.4.231008000\buildTransitive\MrtCore.PriGen.targets(881,5): message :     " (previous value: "
       C:\Users\UKGC\.nuget\packages\microsoft.windowsappsdk\1.4.231008000\buildTransitive\MrtCore.PriGen.targets(881,5): message :       AssignTargetPaths;
       C:\Users\UKGC\.nuget\packages\microsoft.windowsappsdk\1.4.231008000\buildTransitive\MrtCore.PriGen.targets(881,5): message :       
       C:\Users\UKGC\.nuget\packages\microsoft.windowsappsdk\1.4.231008000\buildTransitive\MrtCore.PriGen.targets(881,5): message :       AssignProjectConfiguration;
       C:\Users\UKGC\.nuget\packages\microsoft.windowsappsdk\1.4.231008000\buildTransitive\MrtCore.PriGen.targets(881,5): message :       _SplitProjectReferencesByFileExistence
       C:\Users\UKGC\.nuget\packages\microsoft.windowsappsdk\1.4.231008000\buildTransitive\MrtCore.PriGen.targets(881,5): message :     ;
       C:\Users\UKGC\.nuget\packages\microsoft.windowsappsdk\1.4.231008000\buildTransitive\MrtCore.PriGen.targets(881,5): message :       _GetProjectReferenceTargetFrameworkProperties;
       C:\Users\UKGC\.nuget\packages\microsoft.windowsappsdk\1.4.231008000\buildTransitive\MrtCore.PriGen.targets(881,5): message :       _PopulateCommonStateForGetCopyToOutputDirectoryItems
       C:\Users\UKGC\.nuget\packages\microsoft.windowsappsdk\1.4.231008000\buildTransitive\MrtCore.PriGen.targets(881,5): message :     ") at C:\Users\UKGC\.nuget\packages\microsoft.windowsappsdk\1.4.231008000\buildTransitive\MrtCore.PriGen.targets (881,5)
       C:\Users\UKGC\.nuget\packages\microsoft.windowsappsdk\1.4.231008000\buildTransitive\Microsoft.WinUI.AppX.targets(7,5): message : Property reassignment: $(MSBuildWarningsAsMessages)="
       C:\Users\UKGC\.nuget\packages\microsoft.windowsappsdk\1.4.231008000\buildTransitive\Microsoft.WinUI.AppX.targets(7,5): message :        ;NU1701;
       C:\Users\UKGC\.nuget\packages\microsoft.windowsappsdk\1.4.231008000\buildTransitive\Microsoft.WinUI.AppX.targets(7,5): message : 
       C:\Users\UKGC\.nuget\packages\microsoft.windowsappsdk\1.4.231008000\buildTransitive\Microsoft.WinUI.AppX.targets(7,5): message :        
       C:\Users\UKGC\.nuget\packages\microsoft.windowsappsdk\1.4.231008000\buildTransitive\Microsoft.WinUI.AppX.targets(7,5): message :        APPX1707;
       C:\Users\UKGC\.nuget\packages\microsoft.windowsappsdk\1.4.231008000\buildTransitive\Microsoft.WinUI.AppX.targets(7,5): message :     " (previous value: ";NU1701") at C:\Users\UKGC\.nuget\packages\microsoft.windowsappsdk\1.4.231008000\buildTransitive\Microsoft.WinUI.AppX.targets (7,5)
       C:\Users\UKGC\.nuget\packages\microsoft.windowsappsdk\1.4.231008000\buildTransitive\Microsoft.UI.Xaml.Markup.Compiler.interop.targets(148,9): message : Property reassignment: $(PrepareResourcesDependsOn)="
       C:\Users\UKGC\.nuget\packages\microsoft.windowsappsdk\1.4.231008000\buildTransitive\Microsoft.UI.Xaml.Markup.Compiler.interop.targets(148,9): message :             ResolveKeySource;
       C:\Users\UKGC\.nuget\packages\microsoft.windowsappsdk\1.4.231008000\buildTransitive\Microsoft.UI.Xaml.Markup.Compiler.interop.targets(148,9): message :             AddImplicitDefineConstants;
       C:\Users\UKGC\.nuget\packages\microsoft.windowsappsdk\1.4.231008000\buildTransitive\Microsoft.UI.Xaml.Markup.Compiler.interop.targets(148,9): message :             MarkupCompilePass1;
       C:\Users\UKGC\.nuget\packages\microsoft.windowsappsdk\1.4.231008000\buildTransitive\Microsoft.UI.Xaml.Markup.Compiler.interop.targets(148,9): message :             XamlPreCompile;
       C:\Users\UKGC\.nuget\packages\microsoft.windowsappsdk\1.4.231008000\buildTransitive\Microsoft.UI.Xaml.Markup.Compiler.interop.targets(148,9): message :             MarkupCompilePass2;
       C:\Users\UKGC\.nuget\packages\microsoft.windowsappsdk\1.4.231008000\buildTransitive\Microsoft.UI.Xaml.Markup.Compiler.interop.targets(148,9): message :             
       C:\Users\UKGC\.nuget\packages\microsoft.windowsappsdk\1.4.231008000\buildTransitive\Microsoft.UI.Xaml.Markup.Compiler.interop.targets(148,9): message :       ;
       C:\Users\UKGC\.nuget\packages\microsoft.windowsappsdk\1.4.231008000\buildTransitive\Microsoft.UI.Xaml.Markup.Compiler.interop.targets(148,9): message :       PrepareResourceNames;
       C:\Users\UKGC\.nuget\packages\microsoft.windowsappsdk\1.4.231008000\buildTransitive\Microsoft.UI.Xaml.Markup.Compiler.interop.targets(148,9): message :       ResGen;
       C:\Users\UKGC\.nuget\packages\microsoft.windowsappsdk\1.4.231008000\buildTransitive\Microsoft.UI.Xaml.Markup.Compiler.interop.targets(148,9): message :       CompileLicxFiles
       C:\Users\UKGC\.nuget\packages\microsoft.windowsappsdk\1.4.231008000\buildTransitive\Microsoft.UI.Xaml.Markup.Compiler.interop.targets(148,9): message :     
       C:\Users\UKGC\.nuget\packages\microsoft.windowsappsdk\1.4.231008000\buildTransitive\Microsoft.UI.Xaml.Markup.Compiler.interop.targets(148,9): message :         " (previous value: "
       C:\Users\UKGC\.nuget\packages\microsoft.windowsappsdk\1.4.231008000\buildTransitive\Microsoft.UI.Xaml.Markup.Compiler.interop.targets(148,9): message :       ;
       C:\Users\UKGC\.nuget\packages\microsoft.windowsappsdk\1.4.231008000\buildTransitive\Microsoft.UI.Xaml.Markup.Compiler.interop.targets(148,9): message :       PrepareResourceNames;
       C:\Users\UKGC\.nuget\packages\microsoft.windowsappsdk\1.4.231008000\buildTransitive\Microsoft.UI.Xaml.Markup.Compiler.interop.targets(148,9): message :       ResGen;
       C:\Users\UKGC\.nuget\packages\microsoft.windowsappsdk\1.4.231008000\buildTransitive\Microsoft.UI.Xaml.Markup.Compiler.interop.targets(148,9): message :       CompileLicxFiles
       C:\Users\UKGC\.nuget\packages\microsoft.windowsappsdk\1.4.231008000\buildTransitive\Microsoft.UI.Xaml.Markup.Compiler.interop.targets(148,9): message :     ") at C:\Users\UKGC\.nuget\packages\microsoft.windowsappsdk\1.4.231008000\buildTransitive\Microsoft.UI.Xaml.Markup.Compiler.interop.targets (148,9)
       C:\Users\UKGC\.nuget\packages\microsoft.windowsappsdk\1.4.231008000\buildTransitive\Microsoft.UI.Xaml.Markup.Compiler.interop.targets(200,9): message : Property reassignment: $(IncludeCustomOutputGroupForPackaging)="true" (previous value: "false") at C:\Users\UKGC\.nuget\packages\microsoft.windowsappsdk\1.4.231008000\buildTransitive\Microsoft.UI.Xaml.Markup.Compiler.interop.targets (200,9)
       C:\Users\UKGC\.nuget\packages\microsoft.windowsappsdk\1.4.231008000\buildTransitive\Microsoft.UI.Xaml.Markup.Compiler.interop.targets(1027,9): message : Property reassignment: $(ResolveReferencesDependsOn)="
       C:\Users\UKGC\.nuget\packages\microsoft.windowsappsdk\1.4.231008000\buildTransitive\Microsoft.UI.Xaml.Markup.Compiler.interop.targets(1027,9): message :             
       C:\Users\UKGC\.nuget\packages\microsoft.windowsappsdk\1.4.231008000\buildTransitive\Microsoft.UI.Xaml.Markup.Compiler.interop.targets(1027,9): message :       BeforeResolveReferences;
       C:\Users\UKGC\.nuget\packages\microsoft.windowsappsdk\1.4.231008000\buildTransitive\Microsoft.UI.Xaml.Markup.Compiler.interop.targets(1027,9): message :       AssignProjectConfiguration;
       C:\Users\UKGC\.nuget\packages\microsoft.windowsappsdk\1.4.231008000\buildTransitive\Microsoft.UI.Xaml.Markup.Compiler.interop.targets(1027,9): message :       ResolveProjectReferences;
       C:\Users\UKGC\.nuget\packages\microsoft.windowsappsdk\1.4.231008000\buildTransitive\Microsoft.UI.Xaml.Markup.Compiler.interop.targets(1027,9): message :       FindInvalidProjectReferences;
       C:\Users\UKGC\.nuget\packages\microsoft.windowsappsdk\1.4.231008000\buildTransitive\Microsoft.UI.Xaml.Markup.Compiler.interop.targets(1027,9): message :       ResolveNativeReferences;
       C:\Users\UKGC\.nuget\packages\microsoft.windowsappsdk\1.4.231008000\buildTransitive\Microsoft.UI.Xaml.Markup.Compiler.interop.targets(1027,9): message :       ResolveAssemblyReferences;
       C:\Users\UKGC\.nuget\packages\microsoft.windowsappsdk\1.4.231008000\buildTransitive\Microsoft.UI.Xaml.Markup.Compiler.interop.targets(1027,9): message :       GenerateBindingRedirects;
       C:\Users\UKGC\.nuget\packages\microsoft.windowsappsdk\1.4.231008000\buildTransitive\Microsoft.UI.Xaml.Markup.Compiler.interop.targets(1027,9): message :       GenerateBindingRedirectsUpdateAppConfig;
       C:\Users\UKGC\.nuget\packages\microsoft.windowsappsdk\1.4.231008000\buildTransitive\Microsoft.UI.Xaml.Markup.Compiler.interop.targets(1027,9): message :       ResolveComReferences;
       C:\Users\UKGC\.nuget\packages\microsoft.windowsappsdk\1.4.231008000\buildTransitive\Microsoft.UI.Xaml.Markup.Compiler.interop.targets(1027,9): message :       AfterResolveReferences
       C:\Users\UKGC\.nuget\packages\microsoft.windowsappsdk\1.4.231008000\buildTransitive\Microsoft.UI.Xaml.Markup.Compiler.interop.targets(1027,9): message :     ;
       C:\Users\UKGC\.nuget\packages\microsoft.windowsappsdk\1.4.231008000\buildTransitive\Microsoft.UI.Xaml.Markup.Compiler.interop.targets(1027,9): message :             ImplicitlyExpandTargetFramework;
       C:\Users\UKGC\.nuget\packages\microsoft.windowsappsdk\1.4.231008000\buildTransitive\Microsoft.UI.Xaml.Markup.Compiler.interop.targets(1027,9): message :             ImplicitlyExpandTargetPlatform
       C:\Users\UKGC\.nuget\packages\microsoft.windowsappsdk\1.4.231008000\buildTransitive\Microsoft.UI.Xaml.Markup.Compiler.interop.targets(1027,9): message :         " (previous value: "
       C:\Users\UKGC\.nuget\packages\microsoft.windowsappsdk\1.4.231008000\buildTransitive\Microsoft.UI.Xaml.Markup.Compiler.interop.targets(1027,9): message :       BeforeResolveReferences;
       C:\Users\UKGC\.nuget\packages\microsoft.windowsappsdk\1.4.231008000\buildTransitive\Microsoft.UI.Xaml.Markup.Compiler.interop.targets(1027,9): message :       AssignProjectConfiguration;
       C:\Users\UKGC\.nuget\packages\microsoft.windowsappsdk\1.4.231008000\buildTransitive\Microsoft.UI.Xaml.Markup.Compiler.interop.targets(1027,9): message :       ResolveProjectReferences;
       C:\Users\UKGC\.nuget\packages\microsoft.windowsappsdk\1.4.231008000\buildTransitive\Microsoft.UI.Xaml.Markup.Compiler.interop.targets(1027,9): message :       FindInvalidProjectReferences;
       C:\Users\UKGC\.nuget\packages\microsoft.windowsappsdk\1.4.231008000\buildTransitive\Microsoft.UI.Xaml.Markup.Compiler.interop.targets(1027,9): message :       ResolveNativeReferences;
       C:\Users\UKGC\.nuget\packages\microsoft.windowsappsdk\1.4.231008000\buildTransitive\Microsoft.UI.Xaml.Markup.Compiler.interop.targets(1027,9): message :       ResolveAssemblyReferences;
       C:\Users\UKGC\.nuget\packages\microsoft.windowsappsdk\1.4.231008000\buildTransitive\Microsoft.UI.Xaml.Markup.Compiler.interop.targets(1027,9): message :       GenerateBindingRedirects;
       C:\Users\UKGC\.nuget\packages\microsoft.windowsappsdk\1.4.231008000\buildTransitive\Microsoft.UI.Xaml.Markup.Compiler.interop.targets(1027,9): message :       GenerateBindingRedirectsUpdateAppConfig;
       C:\Users\UKGC\.nuget\packages\microsoft.windowsappsdk\1.4.231008000\buildTransitive\Microsoft.UI.Xaml.Markup.Compiler.interop.targets(1027,9): message :       ResolveComReferences;
       C:\Users\UKGC\.nuget\packages\microsoft.windowsappsdk\1.4.231008000\buildTransitive\Microsoft.UI.Xaml.Markup.Compiler.interop.targets(1027,9): message :       AfterResolveReferences
       C:\Users\UKGC\.nuget\packages\microsoft.windowsappsdk\1.4.231008000\buildTransitive\Microsoft.UI.Xaml.Markup.Compiler.interop.targets(1027,9): message :     ") at C:\Users\UKGC\.nuget\packages\microsoft.windowsappsdk\1.4.231008000\buildTransitive\Microsoft.UI.Xaml.Markup.Compiler.interop.targets (1027,9)
       C:\Users\UKGC\.nuget\packages\microsoft.windowsappsdk\1.4.231008000\buildTransitive\Microsoft.WindowsAppSDK.targets(28,5): message : Property reassignment: $(DefineConstants)="TRACE;MICROSOFT_WINDOWSAPPSDK_BOOTSTRAP_AUTO_INITIALIZE" (previous value: "TRACE") at C:\Users\UKGC\.nuget\packages\microsoft.windowsappsdk\1.4.231008000\buildTransitive\Microsoft.WindowsAppSDK.targets (28,5)
       C:\Users\UKGC\.nuget\packages\microsoft.windowsappsdk\1.4.231008000\buildTransitive\Microsoft.WindowsAppSDK.targets(36,9): message : Property reassignment: $(ResolveReferencesDependsOn)="
       C:\Users\UKGC\.nuget\packages\microsoft.windowsappsdk\1.4.231008000\buildTransitive\Microsoft.WindowsAppSDK.targets(36,9): message :             
       C:\Users\UKGC\.nuget\packages\microsoft.windowsappsdk\1.4.231008000\buildTransitive\Microsoft.WindowsAppSDK.targets(36,9): message :             
       C:\Users\UKGC\.nuget\packages\microsoft.windowsappsdk\1.4.231008000\buildTransitive\Microsoft.WindowsAppSDK.targets(36,9): message :       BeforeResolveReferences;
       C:\Users\UKGC\.nuget\packages\microsoft.windowsappsdk\1.4.231008000\buildTransitive\Microsoft.WindowsAppSDK.targets(36,9): message :       AssignProjectConfiguration;
       C:\Users\UKGC\.nuget\packages\microsoft.windowsappsdk\1.4.231008000\buildTransitive\Microsoft.WindowsAppSDK.targets(36,9): message :       ResolveProjectReferences;
       C:\Users\UKGC\.nuget\packages\microsoft.windowsappsdk\1.4.231008000\buildTransitive\Microsoft.WindowsAppSDK.targets(36,9): message :       FindInvalidProjectReferences;
       C:\Users\UKGC\.nuget\packages\microsoft.windowsappsdk\1.4.231008000\buildTransitive\Microsoft.WindowsAppSDK.targets(36,9): message :       ResolveNativeReferences;
       C:\Users\UKGC\.nuget\packages\microsoft.windowsappsdk\1.4.231008000\buildTransitive\Microsoft.WindowsAppSDK.targets(36,9): message :       ResolveAssemblyReferences;
       C:\Users\UKGC\.nuget\packages\microsoft.windowsappsdk\1.4.231008000\buildTransitive\Microsoft.WindowsAppSDK.targets(36,9): message :       GenerateBindingRedirects;
       C:\Users\UKGC\.nuget\packages\microsoft.windowsappsdk\1.4.231008000\buildTransitive\Microsoft.WindowsAppSDK.targets(36,9): message :       GenerateBindingRedirectsUpdateAppConfig;
       C:\Users\UKGC\.nuget\packages\microsoft.windowsappsdk\1.4.231008000\buildTransitive\Microsoft.WindowsAppSDK.targets(36,9): message :       ResolveComReferences;
       C:\Users\UKGC\.nuget\packages\microsoft.windowsappsdk\1.4.231008000\buildTransitive\Microsoft.WindowsAppSDK.targets(36,9): message :       AfterResolveReferences
       C:\Users\UKGC\.nuget\packages\microsoft.windowsappsdk\1.4.231008000\buildTransitive\Microsoft.WindowsAppSDK.targets(36,9): message :     ;
       C:\Users\UKGC\.nuget\packages\microsoft.windowsappsdk\1.4.231008000\buildTransitive\Microsoft.WindowsAppSDK.targets(36,9): message :             ImplicitlyExpandTargetFramework;
       C:\Users\UKGC\.nuget\packages\microsoft.windowsappsdk\1.4.231008000\buildTransitive\Microsoft.WindowsAppSDK.targets(36,9): message :             ImplicitlyExpandTargetPlatform
       C:\Users\UKGC\.nuget\packages\microsoft.windowsappsdk\1.4.231008000\buildTransitive\Microsoft.WindowsAppSDK.targets(36,9): message :         ;WindowsAppSDKVerifyWinrtRuntimeVersion
       C:\Users\UKGC\.nuget\packages\microsoft.windowsappsdk\1.4.231008000\buildTransitive\Microsoft.WindowsAppSDK.targets(36,9): message :         " (previous value: "
       C:\Users\UKGC\.nuget\packages\microsoft.windowsappsdk\1.4.231008000\buildTransitive\Microsoft.WindowsAppSDK.targets(36,9): message :             
       C:\Users\UKGC\.nuget\packages\microsoft.windowsappsdk\1.4.231008000\buildTransitive\Microsoft.WindowsAppSDK.targets(36,9): message :       BeforeResolveReferences;
       C:\Users\UKGC\.nuget\packages\microsoft.windowsappsdk\1.4.231008000\buildTransitive\Microsoft.WindowsAppSDK.targets(36,9): message :       AssignProjectConfiguration;
       C:\Users\UKGC\.nuget\packages\microsoft.windowsappsdk\1.4.231008000\buildTransitive\Microsoft.WindowsAppSDK.targets(36,9): message :       ResolveProjectReferences;
       C:\Users\UKGC\.nuget\packages\microsoft.windowsappsdk\1.4.231008000\buildTransitive\Microsoft.WindowsAppSDK.targets(36,9): message :       FindInvalidProjectReferences;
       C:\Users\UKGC\.nuget\packages\microsoft.windowsappsdk\1.4.231008000\buildTransitive\Microsoft.WindowsAppSDK.targets(36,9): message :       ResolveNativeReferences;
       C:\Users\UKGC\.nuget\packages\microsoft.windowsappsdk\1.4.231008000\buildTransitive\Microsoft.WindowsAppSDK.targets(36,9): message :       ResolveAssemblyReferences;
       C:\Users\UKGC\.nuget\packages\microsoft.windowsappsdk\1.4.231008000\buildTransitive\Microsoft.WindowsAppSDK.targets(36,9): message :       GenerateBindingRedirects;
       C:\Users\UKGC\.nuget\packages\microsoft.windowsappsdk\1.4.231008000\buildTransitive\Microsoft.WindowsAppSDK.targets(36,9): message :       GenerateBindingRedirectsUpdateAppConfig;
       C:\Users\UKGC\.nuget\packages\microsoft.windowsappsdk\1.4.231008000\buildTransitive\Microsoft.WindowsAppSDK.targets(36,9): message :       ResolveComReferences;
       C:\Users\UKGC\.nuget\packages\microsoft.windowsappsdk\1.4.231008000\buildTransitive\Microsoft.WindowsAppSDK.targets(36,9): message :       AfterResolveReferences
       C:\Users\UKGC\.nuget\packages\microsoft.windowsappsdk\1.4.231008000\buildTransitive\Microsoft.WindowsAppSDK.targets(36,9): message :     ;
       C:\Users\UKGC\.nuget\packages\microsoft.windowsappsdk\1.4.231008000\buildTransitive\Microsoft.WindowsAppSDK.targets(36,9): message :             ImplicitlyExpandTargetFramework;
       C:\Users\UKGC\.nuget\packages\microsoft.windowsappsdk\1.4.231008000\buildTransitive\Microsoft.WindowsAppSDK.targets(36,9): message :             ImplicitlyExpandTargetPlatform
       C:\Users\UKGC\.nuget\packages\microsoft.windowsappsdk\1.4.231008000\buildTransitive\Microsoft.WindowsAppSDK.targets(36,9): message :         ") at C:\Users\UKGC\.nuget\packages\microsoft.windowsappsdk\1.4.231008000\buildTransitive\Microsoft.WindowsAppSDK.targets (36,9)
       C:\Program Files\dotnet\sdk\10.0.301\Sdks\Microsoft.NET.Sdk\targets\Microsoft.PackageDependencyResolution.targets(29,5): message : Property reassignment: $(ProjectAssetsCacheFile)="C:\Personal Projects\SoundBar\obj\Debug\net10.0-windows10.0.19041.0\SoundBar.assets.cache" (previous value: "obj\Debug\net10.0-windows10.0.19041.0\SoundBar.assets.cache") at C:\Program Files\dotnet\sdk\10.0.301\Sdks\Microsoft.NET.Sdk\targets\Microsoft.PackageDependencyResolution.targets (29,5)
       C:\Program Files\dotnet\sdk\10.0.301\Sdks\Microsoft.NET.Sdk\targets\Microsoft.PackageDependencyResolution.targets(80,5): message : Property reassignment: $(ResolveAssemblyReferencesDependsOn)="
       C:\Program Files\dotnet\sdk\10.0.301\Sdks\Microsoft.NET.Sdk\targets\Microsoft.PackageDependencyResolution.targets(80,5): message :       
       C:\Program Files\dotnet\sdk\10.0.301\Sdks\Microsoft.NET.Sdk\targets\Microsoft.PackageDependencyResolution.targets(80,5): message :       ResolveProjectReferences;
       C:\Program Files\dotnet\sdk\10.0.301\Sdks\Microsoft.NET.Sdk\targets\Microsoft.PackageDependencyResolution.targets(80,5): message :       FindInvalidProjectReferences;
       C:\Program Files\dotnet\sdk\10.0.301\Sdks\Microsoft.NET.Sdk\targets\Microsoft.PackageDependencyResolution.targets(80,5): message :       GetFrameworkPaths;
       C:\Program Files\dotnet\sdk\10.0.301\Sdks\Microsoft.NET.Sdk\targets\Microsoft.PackageDependencyResolution.targets(80,5): message :       GetReferenceAssemblyPaths;
       C:\Program Files\dotnet\sdk\10.0.301\Sdks\Microsoft.NET.Sdk\targets\Microsoft.PackageDependencyResolution.targets(80,5): message :       PrepareForBuild;
       C:\Program Files\dotnet\sdk\10.0.301\Sdks\Microsoft.NET.Sdk\targets\Microsoft.PackageDependencyResolution.targets(80,5): message :       ResolveSDKReferences;
       C:\Program Files\dotnet\sdk\10.0.301\Sdks\Microsoft.NET.Sdk\targets\Microsoft.PackageDependencyResolution.targets(80,5): message :       ExpandSDKReferences;
       C:\Program Files\dotnet\sdk\10.0.301\Sdks\Microsoft.NET.Sdk\targets\Microsoft.PackageDependencyResolution.targets(80,5): message :     ;
       C:\Program Files\dotnet\sdk\10.0.301\Sdks\Microsoft.NET.Sdk\targets\Microsoft.PackageDependencyResolution.targets(80,5): message :       ResolvePackageDependenciesForBuild;
       C:\Program Files\dotnet\sdk\10.0.301\Sdks\Microsoft.NET.Sdk\targets\Microsoft.PackageDependencyResolution.targets(80,5): message :       _HandlePackageFileConflicts;
       C:\Program Files\dotnet\sdk\10.0.301\Sdks\Microsoft.NET.Sdk\targets\Microsoft.PackageDependencyResolution.targets(80,5): message :     " (previous value: "
       C:\Program Files\dotnet\sdk\10.0.301\Sdks\Microsoft.NET.Sdk\targets\Microsoft.PackageDependencyResolution.targets(80,5): message :       ResolveProjectReferences;
       C:\Program Files\dotnet\sdk\10.0.301\Sdks\Microsoft.NET.Sdk\targets\Microsoft.PackageDependencyResolution.targets(80,5): message :       FindInvalidProjectReferences;
       C:\Program Files\dotnet\sdk\10.0.301\Sdks\Microsoft.NET.Sdk\targets\Microsoft.PackageDependencyResolution.targets(80,5): message :       GetFrameworkPaths;
       C:\Program Files\dotnet\sdk\10.0.301\Sdks\Microsoft.NET.Sdk\targets\Microsoft.PackageDependencyResolution.targets(80,5): message :       GetReferenceAssemblyPaths;
       C:\Program Files\dotnet\sdk\10.0.301\Sdks\Microsoft.NET.Sdk\targets\Microsoft.PackageDependencyResolution.targets(80,5): message :       PrepareForBuild;
       C:\Program Files\dotnet\sdk\10.0.301\Sdks\Microsoft.NET.Sdk\targets\Microsoft.PackageDependencyResolution.targets(80,5): message :       ResolveSDKReferences;
       C:\Program Files\dotnet\sdk\10.0.301\Sdks\Microsoft.NET.Sdk\targets\Microsoft.PackageDependencyResolution.targets(80,5): message :       ExpandSDKReferences;
       C:\Program Files\dotnet\sdk\10.0.301\Sdks\Microsoft.NET.Sdk\targets\Microsoft.PackageDependencyResolution.targets(80,5): message :     ") at C:\Program Files\dotnet\sdk\10.0.301\Sdks\Microsoft.NET.Sdk\targets\Microsoft.PackageDependencyResolution.targets (80,5)
       C:\Program Files\dotnet\sdk\10.0.301\Sdks\Microsoft.NET.Sdk\targets\Microsoft.PackageDependencyResolution.targets(86,5): message : Property reassignment: $(PrepareResourcesDependsOn)="
       C:\Program Files\dotnet\sdk\10.0.301\Sdks\Microsoft.NET.Sdk\targets\Microsoft.PackageDependencyResolution.targets(86,5): message :       ResolvePackageDependenciesForBuild;
       C:\Program Files\dotnet\sdk\10.0.301\Sdks\Microsoft.NET.Sdk\targets\Microsoft.PackageDependencyResolution.targets(86,5): message :       _HandlePackageFileConflicts;
       C:\Program Files\dotnet\sdk\10.0.301\Sdks\Microsoft.NET.Sdk\targets\Microsoft.PackageDependencyResolution.targets(86,5): message :       
       C:\Program Files\dotnet\sdk\10.0.301\Sdks\Microsoft.NET.Sdk\targets\Microsoft.PackageDependencyResolution.targets(86,5): message :             ResolveKeySource;
       C:\Program Files\dotnet\sdk\10.0.301\Sdks\Microsoft.NET.Sdk\targets\Microsoft.PackageDependencyResolution.targets(86,5): message :             AddImplicitDefineConstants;
       C:\Program Files\dotnet\sdk\10.0.301\Sdks\Microsoft.NET.Sdk\targets\Microsoft.PackageDependencyResolution.targets(86,5): message :             MarkupCompilePass1;
       C:\Program Files\dotnet\sdk\10.0.301\Sdks\Microsoft.NET.Sdk\targets\Microsoft.PackageDependencyResolution.targets(86,5): message :             XamlPreCompile;
       C:\Program Files\dotnet\sdk\10.0.301\Sdks\Microsoft.NET.Sdk\targets\Microsoft.PackageDependencyResolution.targets(86,5): message :             MarkupCompilePass2;
       C:\Program Files\dotnet\sdk\10.0.301\Sdks\Microsoft.NET.Sdk\targets\Microsoft.PackageDependencyResolution.targets(86,5): message :             
       C:\Program Files\dotnet\sdk\10.0.301\Sdks\Microsoft.NET.Sdk\targets\Microsoft.PackageDependencyResolution.targets(86,5): message :       ;
       C:\Program Files\dotnet\sdk\10.0.301\Sdks\Microsoft.NET.Sdk\targets\Microsoft.PackageDependencyResolution.targets(86,5): message :       PrepareResourceNames;
       C:\Program Files\dotnet\sdk\10.0.301\Sdks\Microsoft.NET.Sdk\targets\Microsoft.PackageDependencyResolution.targets(86,5): message :       ResGen;
       C:\Program Files\dotnet\sdk\10.0.301\Sdks\Microsoft.NET.Sdk\targets\Microsoft.PackageDependencyResolution.targets(86,5): message :       CompileLicxFiles
       C:\Program Files\dotnet\sdk\10.0.301\Sdks\Microsoft.NET.Sdk\targets\Microsoft.PackageDependencyResolution.targets(86,5): message :     
       C:\Program Files\dotnet\sdk\10.0.301\Sdks\Microsoft.NET.Sdk\targets\Microsoft.PackageDependencyResolution.targets(86,5): message :         
       C:\Program Files\dotnet\sdk\10.0.301\Sdks\Microsoft.NET.Sdk\targets\Microsoft.PackageDependencyResolution.targets(86,5): message :     " (previous value: "
       C:\Program Files\dotnet\sdk\10.0.301\Sdks\Microsoft.NET.Sdk\targets\Microsoft.PackageDependencyResolution.targets(86,5): message :             ResolveKeySource;
       C:\Program Files\dotnet\sdk\10.0.301\Sdks\Microsoft.NET.Sdk\targets\Microsoft.PackageDependencyResolution.targets(86,5): message :             AddImplicitDefineConstants;
       C:\Program Files\dotnet\sdk\10.0.301\Sdks\Microsoft.NET.Sdk\targets\Microsoft.PackageDependencyResolution.targets(86,5): message :             MarkupCompilePass1;
       C:\Program Files\dotnet\sdk\10.0.301\Sdks\Microsoft.NET.Sdk\targets\Microsoft.PackageDependencyResolution.targets(86,5): message :             XamlPreCompile;
       C:\Program Files\dotnet\sdk\10.0.301\Sdks\Microsoft.NET.Sdk\targets\Microsoft.PackageDependencyResolution.targets(86,5): message :             MarkupCompilePass2;
       C:\Program Files\dotnet\sdk\10.0.301\Sdks\Microsoft.NET.Sdk\targets\Microsoft.PackageDependencyResolution.targets(86,5): message :             
       C:\Program Files\dotnet\sdk\10.0.301\Sdks\Microsoft.NET.Sdk\targets\Microsoft.PackageDependencyResolution.targets(86,5): message :       ;
       C:\Program Files\dotnet\sdk\10.0.301\Sdks\Microsoft.NET.Sdk\targets\Microsoft.PackageDependencyResolution.targets(86,5): message :       PrepareResourceNames;
       C:\Program Files\dotnet\sdk\10.0.301\Sdks\Microsoft.NET.Sdk\targets\Microsoft.PackageDependencyResolution.targets(86,5): message :       ResGen;
       C:\Program Files\dotnet\sdk\10.0.301\Sdks\Microsoft.NET.Sdk\targets\Microsoft.PackageDependencyResolution.targets(86,5): message :       CompileLicxFiles
       C:\Program Files\dotnet\sdk\10.0.301\Sdks\Microsoft.NET.Sdk\targets\Microsoft.PackageDependencyResolution.targets(86,5): message :     
       C:\Program Files\dotnet\sdk\10.0.301\Sdks\Microsoft.NET.Sdk\targets\Microsoft.PackageDependencyResolution.targets(86,5): message :         ") at C:\Program Files\dotnet\sdk\10.0.301\Sdks\Microsoft.NET.Sdk\targets\Microsoft.PackageDependencyResolution.targets (86,5)
       C:\Program Files\dotnet\sdk\10.0.301\Sdks\Microsoft.NET.Sdk\targets\Microsoft.NET.Sdk.DefaultItems.targets(35,5): message : Property reassignment: $(DefaultItemExcludes)=";bin\Debug\/**;obj\Debug\/**;bin\/**" (previous value: ";bin\Debug\/**;obj\Debug\/**") at C:\Program Files\dotnet\sdk\10.0.301\Sdks\Microsoft.NET.Sdk\targets\Microsoft.NET.Sdk.DefaultItems.targets (35,5)
       C:\Program Files\dotnet\sdk\10.0.301\Sdks\Microsoft.NET.Sdk\targets\Microsoft.NET.Sdk.DefaultItems.targets(37,5): message : Property reassignment: $(DefaultItemExcludes)=";bin\Debug\/**;obj\Debug\/**;bin\/**;obj\/**" (previous value: ";bin\Debug\/**;obj\Debug\/**;bin\/**") at C:\Program Files\dotnet\sdk\10.0.301\Sdks\Microsoft.NET.Sdk\targets\Microsoft.NET.Sdk.DefaultItems.targets (37,5)
       C:\Program Files\dotnet\sdk\10.0.301\Sdks\Microsoft.NET.Sdk\targets\Microsoft.NET.Sdk.DefaultItems.targets(41,5): message : Property reassignment: $(DefaultItemExcludes)=";bin\Debug\/**;obj\Debug\/**;bin\/**;obj\/**;bin\Debug\net10.0-windows10.0.19041.0\publish\/**" (previous value: ";bin\Debug\/**;obj\Debug\/**;bin\/**;obj\/**") at C:\Program Files\dotnet\sdk\10.0.301\Sdks\Microsoft.NET.Sdk\targets\Microsoft.NET.Sdk.DefaultItems.targets (41,5)
       C:\Program Files\dotnet\sdk\10.0.301\Sdks\Microsoft.NET.Sdk\targets\Microsoft.NET.Sdk.DefaultItems.targets(44,5): message : Property reassignment: $(DefaultItemExcludes)=";bin\Debug\/**;obj\Debug\/**;bin\/**;obj\/**;bin\Debug\net10.0-windows10.0.19041.0\publish\/**;**/*.user" (previous value: ";bin\Debug\/**;obj\Debug\/**;bin\/**;obj\/**;bin\Debug\net10.0-windows10.0.19041.0\publish\/**") at C:\Program Files\dotnet\sdk\10.0.301\Sdks\Microsoft.NET.Sdk\targets\Microsoft.NET.Sdk.DefaultItems.targets (44,5)
       C:\Program Files\dotnet\sdk\10.0.301\Sdks\Microsoft.NET.Sdk\targets\Microsoft.NET.Sdk.DefaultItems.targets(45,5): message : Property reassignment: $(DefaultItemExcludes)=";bin\Debug\/**;obj\Debug\/**;bin\/**;obj\/**;bin\Debug\net10.0-windows10.0.19041.0\publish\/**;**/*.user;**/*.*proj" (previous value: ";bin\Debug\/**;obj\Debug\/**;bin\/**;obj\/**;bin\Debug\net10.0-windows10.0.19041.0\publish\/**;**/*.user") at C:\Program Files\dotnet\sdk\10.0.301\Sdks\Microsoft.NET.Sdk\targets\Microsoft.NET.Sdk.DefaultItems.targets (45,5)
       C:\Program Files\dotnet\sdk\10.0.301\Sdks\Microsoft.NET.Sdk\targets\Microsoft.NET.Sdk.DefaultItems.targets(46,5): message : Property reassignment: $(DefaultItemExcludes)=";bin\Debug\/**;obj\Debug\/**;bin\/**;obj\/**;bin\Debug\net10.0-windows10.0.19041.0\publish\/**;**/*.user;**/*.*proj;**/*.sln" (previous value: ";bin\Debug\/**;obj\Debug\/**;bin\/**;obj\/**;bin\Debug\net10.0-windows10.0.19041.0\publish\/**;**/*.user;**/*.*proj") at C:\Program Files\dotnet\sdk\10.0.301\Sdks\Microsoft.NET.Sdk\targets\Microsoft.NET.Sdk.DefaultItems.targets (46,5)
       C:\Program Files\dotnet\sdk\10.0.301\Sdks\Microsoft.NET.Sdk\targets\Microsoft.NET.Sdk.DefaultItems.targets(47,5): message : Property reassignment: $(DefaultItemExcludes)=";bin\Debug\/**;obj\Debug\/**;bin\/**;obj\/**;bin\Debug\net10.0-windows10.0.19041.0\publish\/**;**/*.user;**/*.*proj;**/*.sln;**/*.slnx" (previous value: ";bin\Debug\/**;obj\Debug\/**;bin\/**;obj\/**;bin\Debug\net10.0-windows10.0.19041.0\publish\/**;**/*.user;**/*.*proj;**/*.sln") at C:\Program Files\dotnet\sdk\10.0.301\Sdks\Microsoft.NET.Sdk\targets\Microsoft.NET.Sdk.DefaultItems.targets (47,5)
       C:\Program Files\dotnet\sdk\10.0.301\Sdks\Microsoft.NET.Sdk\targets\Microsoft.NET.Sdk.DefaultItems.targets(48,5): message : Property reassignment: $(DefaultItemExcludes)=";bin\Debug\/**;obj\Debug\/**;bin\/**;obj\/**;bin\Debug\net10.0-windows10.0.19041.0\publish\/**;**/*.user;**/*.*proj;**/*.sln;**/*.slnx;**/*.vssscc" (previous value: ";bin\Debug\/**;obj\Debug\/**;bin\/**;obj\/**;bin\Debug\net10.0-windows10.0.19041.0\publish\/**;**/*.user;**/*.*proj;**/*.sln;**/*.slnx") at C:\Program Files\dotnet\sdk\10.0.301\Sdks\Microsoft.NET.Sdk\targets\Microsoft.NET.Sdk.DefaultItems.targets (48,5)
       C:\Program Files\dotnet\sdk\10.0.301\Sdks\Microsoft.NET.Sdk\targets\Microsoft.NET.Sdk.DefaultItems.targets(49,5): message : Property reassignment: $(DefaultItemExcludes)=";bin\Debug\/**;obj\Debug\/**;bin\/**;obj\/**;bin\Debug\net10.0-windows10.0.19041.0\publish\/**;**/*.user;**/*.*proj;**/*.sln;**/*.slnx;**/*.vssscc;**/.DS_Store" (previous value: ";bin\Debug\/**;obj\Debug\/**;bin\/**;obj\/**;bin\Debug\net10.0-windows10.0.19041.0\publish\/**;**/*.user;**/*.*proj;**/*.sln;**/*.slnx;**/*.vssscc") at C:\Program Files\dotnet\sdk\10.0.301\Sdks\Microsoft.NET.Sdk\targets\Microsoft.NET.Sdk.DefaultItems.targets (49,5)
       C:\Program Files\dotnet\sdk\10.0.301\Sdks\Microsoft.NET.Sdk\targets\Microsoft.NET.Sdk.FrameworkReferenceResolution.targets(14,5): message : Property reassignment: $(ResolveAssemblyReferencesDependsOn)="
       C:\Program Files\dotnet\sdk\10.0.301\Sdks\Microsoft.NET.Sdk\targets\Microsoft.NET.Sdk.FrameworkReferenceResolution.targets(14,5): message :       
       C:\Program Files\dotnet\sdk\10.0.301\Sdks\Microsoft.NET.Sdk\targets\Microsoft.NET.Sdk.FrameworkReferenceResolution.targets(14,5): message :       
       C:\Program Files\dotnet\sdk\10.0.301\Sdks\Microsoft.NET.Sdk\targets\Microsoft.NET.Sdk.FrameworkReferenceResolution.targets(14,5): message :       ResolveProjectReferences;
       C:\Program Files\dotnet\sdk\10.0.301\Sdks\Microsoft.NET.Sdk\targets\Microsoft.NET.Sdk.FrameworkReferenceResolution.targets(14,5): message :       FindInvalidProjectReferences;
       C:\Program Files\dotnet\sdk\10.0.301\Sdks\Microsoft.NET.Sdk\targets\Microsoft.NET.Sdk.FrameworkReferenceResolution.targets(14,5): message :       GetFrameworkPaths;
       C:\Program Files\dotnet\sdk\10.0.301\Sdks\Microsoft.NET.Sdk\targets\Microsoft.NET.Sdk.FrameworkReferenceResolution.targets(14,5): message :       GetReferenceAssemblyPaths;
       C:\Program Files\dotnet\sdk\10.0.301\Sdks\Microsoft.NET.Sdk\targets\Microsoft.NET.Sdk.FrameworkReferenceResolution.targets(14,5): message :       PrepareForBuild;
       C:\Program Files\dotnet\sdk\10.0.301\Sdks\Microsoft.NET.Sdk\targets\Microsoft.NET.Sdk.FrameworkReferenceResolution.targets(14,5): message :       ResolveSDKReferences;
       C:\Program Files\dotnet\sdk\10.0.301\Sdks\Microsoft.NET.Sdk\targets\Microsoft.NET.Sdk.FrameworkReferenceResolution.targets(14,5): message :       ExpandSDKReferences;
       C:\Program Files\dotnet\sdk\10.0.301\Sdks\Microsoft.NET.Sdk\targets\Microsoft.NET.Sdk.FrameworkReferenceResolution.targets(14,5): message :     ;
       C:\Program Files\dotnet\sdk\10.0.301\Sdks\Microsoft.NET.Sdk\targets\Microsoft.NET.Sdk.FrameworkReferenceResolution.targets(14,5): message :       ResolvePackageDependenciesForBuild;
       C:\Program Files\dotnet\sdk\10.0.301\Sdks\Microsoft.NET.Sdk\targets\Microsoft.NET.Sdk.FrameworkReferenceResolution.targets(14,5): message :       _HandlePackageFileConflicts;
       C:\Program Files\dotnet\sdk\10.0.301\Sdks\Microsoft.NET.Sdk\targets\Microsoft.NET.Sdk.FrameworkReferenceResolution.targets(14,5): message :     ;
       C:\Program Files\dotnet\sdk\10.0.301\Sdks\Microsoft.NET.Sdk\targets\Microsoft.NET.Sdk.FrameworkReferenceResolution.targets(14,5): message :       ResolveTargetingPackAssets;
       C:\Program Files\dotnet\sdk\10.0.301\Sdks\Microsoft.NET.Sdk\targets\Microsoft.NET.Sdk.FrameworkReferenceResolution.targets(14,5): message :     " (previous value: "
       C:\Program Files\dotnet\sdk\10.0.301\Sdks\Microsoft.NET.Sdk\targets\Microsoft.NET.Sdk.FrameworkReferenceResolution.targets(14,5): message :       
       C:\Program Files\dotnet\sdk\10.0.301\Sdks\Microsoft.NET.Sdk\targets\Microsoft.NET.Sdk.FrameworkReferenceResolution.targets(14,5): message :       ResolveProjectReferences;
       C:\Program Files\dotnet\sdk\10.0.301\Sdks\Microsoft.NET.Sdk\targets\Microsoft.NET.Sdk.FrameworkReferenceResolution.targets(14,5): message :       FindInvalidProjectReferences;
       C:\Program Files\dotnet\sdk\10.0.301\Sdks\Microsoft.NET.Sdk\targets\Microsoft.NET.Sdk.FrameworkReferenceResolution.targets(14,5): message :       GetFrameworkPaths;
       C:\Program Files\dotnet\sdk\10.0.301\Sdks\Microsoft.NET.Sdk\targets\Microsoft.NET.Sdk.FrameworkReferenceResolution.targets(14,5): message :       GetReferenceAssemblyPaths;
       C:\Program Files\dotnet\sdk\10.0.301\Sdks\Microsoft.NET.Sdk\targets\Microsoft.NET.Sdk.FrameworkReferenceResolution.targets(14,5): message :       PrepareForBuild;
       C:\Program Files\dotnet\sdk\10.0.301\Sdks\Microsoft.NET.Sdk\targets\Microsoft.NET.Sdk.FrameworkReferenceResolution.targets(14,5): message :       ResolveSDKReferences;
       C:\Program Files\dotnet\sdk\10.0.301\Sdks\Microsoft.NET.Sdk\targets\Microsoft.NET.Sdk.FrameworkReferenceResolution.targets(14,5): message :       ExpandSDKReferences;
       C:\Program Files\dotnet\sdk\10.0.301\Sdks\Microsoft.NET.Sdk\targets\Microsoft.NET.Sdk.FrameworkReferenceResolution.targets(14,5): message :     ;
       C:\Program Files\dotnet\sdk\10.0.301\Sdks\Microsoft.NET.Sdk\targets\Microsoft.NET.Sdk.FrameworkReferenceResolution.targets(14,5): message :       ResolvePackageDependenciesForBuild;
       C:\Program Files\dotnet\sdk\10.0.301\Sdks\Microsoft.NET.Sdk\targets\Microsoft.NET.Sdk.FrameworkReferenceResolution.targets(14,5): message :       _HandlePackageFileConflicts;
       C:\Program Files\dotnet\sdk\10.0.301\Sdks\Microsoft.NET.Sdk\targets\Microsoft.NET.Sdk.FrameworkReferenceResolution.targets(14,5): message :     ") at C:\Program Files\dotnet\sdk\10.0.301\Sdks\Microsoft.NET.Sdk\targets\Microsoft.NET.Sdk.FrameworkReferenceResolution.targets (14,5)
       C:\Program Files\dotnet\sdk\10.0.301\Sdks\Microsoft.NET.Sdk\targets\Microsoft.NET.Sdk.targets(44,5): message : Property reassignment: $(_GenerateRuntimeConfigurationPropertyInputsCache)="C:\Personal Projects\SoundBar\obj\Debug\net10.0-windows10.0.19041.0\SoundBar.genruntimeconfig.cache" (previous value: "obj\Debug\net10.0-windows10.0.19041.0\SoundBar.genruntimeconfig.cache") at C:\Program Files\dotnet\sdk\10.0.301\Sdks\Microsoft.NET.Sdk\targets\Microsoft.NET.Sdk.targets (44,5)
       C:\Program Files\dotnet\sdk\10.0.301\Sdks\Microsoft.NET.Sdk\targets\Microsoft.NET.Sdk.targets(46,5): message : Property reassignment: $(_GeneratePublishDependencyFilePropertyInputsCache)="C:\Personal Projects\SoundBar\obj\Debug\net10.0-windows10.0.19041.0\SoundBar.genpublishdeps.cache" (previous value: "obj\Debug\net10.0-windows10.0.19041.0\SoundBar.genpublishdeps.cache") at C:\Program Files\dotnet\sdk\10.0.301\Sdks\Microsoft.NET.Sdk\targets\Microsoft.NET.Sdk.targets (46,5)
       C:\Program Files\dotnet\sdk\10.0.301\Sdks\Microsoft.NET.Sdk\targets\Microsoft.NET.Sdk.targets(48,5): message : Property reassignment: $(_GenerateSingleFileBundlePropertyInputsCache)="C:\Personal Projects\SoundBar\obj\Debug\net10.0-windows10.0.19041.0\SoundBar.genbundle.cache" (previous value: "obj\Debug\net10.0-windows10.0.19041.0\SoundBar.genbundle.cache") at C:\Program Files\dotnet\sdk\10.0.301\Sdks\Microsoft.NET.Sdk\targets\Microsoft.NET.Sdk.targets (48,5)
       C:\Program Files\dotnet\sdk\10.0.301\Sdks\Microsoft.NET.Sdk\targets\Microsoft.NET.Sdk.targets(81,5): message : Property reassignment: $(GenerateRuntimeConfigDevFile)="false" (previous value: "true") at C:\Program Files\dotnet\sdk\10.0.301\Sdks\Microsoft.NET.Sdk\targets\Microsoft.NET.Sdk.targets (81,5)
       C:\Program Files\dotnet\sdk\10.0.301\Sdks\Microsoft.NET.Sdk\targets\Microsoft.NET.Sdk.targets(98,5): message : Property reassignment: $(_DefaultUserProfileRuntimeStorePath)="C:\Users\UKGC" (previous value: "") at C:\Program Files\dotnet\sdk\10.0.301\Sdks\Microsoft.NET.Sdk\targets\Microsoft.NET.Sdk.targets (98,5)
       C:\Program Files\dotnet\sdk\10.0.301\Sdks\Microsoft.NET.Sdk\targets\Microsoft.NET.Sdk.targets(99,5): message : Property reassignment: $(_DefaultUserProfileRuntimeStorePath)="C:\Users\UKGC\.dotnet\store" (previous value: "C:\Users\UKGC") at C:\Program Files\dotnet\sdk\10.0.301\Sdks\Microsoft.NET.Sdk\targets\Microsoft.NET.Sdk.targets (99,5)
       C:\Program Files\dotnet\sdk\10.0.301\Sdks\Microsoft.NET.Sdk\targets\Microsoft.NET.Sdk.targets(144,5): message : Property reassignment: $(AvailablePlatforms)="Any CPU,x86,x64,ARM32" (previous value: "Any CPU,x86,x64") at C:\Program Files\dotnet\sdk\10.0.301\Sdks\Microsoft.NET.Sdk\targets\Microsoft.NET.Sdk.targets (144,5)
       C:\Program Files\dotnet\sdk\10.0.301\Sdks\Microsoft.NET.Sdk\targets\Microsoft.NET.Sdk.targets(148,5): message : Property reassignment: $(AvailablePlatforms)="Any CPU,x86,x64,ARM32,ARM64" (previous value: "Any CPU,x86,x64,ARM32") at C:\Program Files\dotnet\sdk\10.0.301\Sdks\Microsoft.NET.Sdk\targets\Microsoft.NET.Sdk.targets (148,5)
       C:\Program Files\dotnet\sdk\10.0.301\Sdks\Microsoft.NET.Sdk\targets\Microsoft.NET.Sdk.targets(204,5): message : Property reassignment: $(CoreBuildDependsOn)="
       C:\Program Files\dotnet\sdk\10.0.301\Sdks\Microsoft.NET.Sdk\targets\Microsoft.NET.Sdk.targets(204,5): message :       _CheckForBuildWithNoBuild;
       C:\Program Files\dotnet\sdk\10.0.301\Sdks\Microsoft.NET.Sdk\targets\Microsoft.NET.Sdk.targets(204,5): message :       
       C:\Program Files\dotnet\sdk\10.0.301\Sdks\Microsoft.NET.Sdk\targets\Microsoft.NET.Sdk.targets(204,5): message :       BuildOnlySettings;
       C:\Program Files\dotnet\sdk\10.0.301\Sdks\Microsoft.NET.Sdk\targets\Microsoft.NET.Sdk.targets(204,5): message :       PrepareForBuild;
       C:\Program Files\dotnet\sdk\10.0.301\Sdks\Microsoft.NET.Sdk\targets\Microsoft.NET.Sdk.targets(204,5): message :       PreBuildEvent;
       C:\Program Files\dotnet\sdk\10.0.301\Sdks\Microsoft.NET.Sdk\targets\Microsoft.NET.Sdk.targets(204,5): message :       ResolveReferences;
       C:\Program Files\dotnet\sdk\10.0.301\Sdks\Microsoft.NET.Sdk\targets\Microsoft.NET.Sdk.targets(204,5): message :       PrepareResources;
       C:\Program Files\dotnet\sdk\10.0.301\Sdks\Microsoft.NET.Sdk\targets\Microsoft.NET.Sdk.targets(204,5): message :       ResolveKeySource;
       C:\Program Files\dotnet\sdk\10.0.301\Sdks\Microsoft.NET.Sdk\targets\Microsoft.NET.Sdk.targets(204,5): message :       Compile;
       C:\Program Files\dotnet\sdk\10.0.301\Sdks\Microsoft.NET.Sdk\targets\Microsoft.NET.Sdk.targets(204,5): message :       ExportWindowsMDFile;
       C:\Program Files\dotnet\sdk\10.0.301\Sdks\Microsoft.NET.Sdk\targets\Microsoft.NET.Sdk.targets(204,5): message :       UnmanagedUnregistration;
       C:\Program Files\dotnet\sdk\10.0.301\Sdks\Microsoft.NET.Sdk\targets\Microsoft.NET.Sdk.targets(204,5): message :       GenerateSerializationAssemblies;
       C:\Program Files\dotnet\sdk\10.0.301\Sdks\Microsoft.NET.Sdk\targets\Microsoft.NET.Sdk.targets(204,5): message :       CreateSatelliteAssemblies;
       C:\Program Files\dotnet\sdk\10.0.301\Sdks\Microsoft.NET.Sdk\targets\Microsoft.NET.Sdk.targets(204,5): message :       GenerateManifests;
       C:\Program Files\dotnet\sdk\10.0.301\Sdks\Microsoft.NET.Sdk\targets\Microsoft.NET.Sdk.targets(204,5): message :       GetTargetPath;
       C:\Program Files\dotnet\sdk\10.0.301\Sdks\Microsoft.NET.Sdk\targets\Microsoft.NET.Sdk.targets(204,5): message :       PrepareForRun;
       C:\Program Files\dotnet\sdk\10.0.301\Sdks\Microsoft.NET.Sdk\targets\Microsoft.NET.Sdk.targets(204,5): message :       UnmanagedRegistration;
       C:\Program Files\dotnet\sdk\10.0.301\Sdks\Microsoft.NET.Sdk\targets\Microsoft.NET.Sdk.targets(204,5): message :       IncrementalClean;
       C:\Program Files\dotnet\sdk\10.0.301\Sdks\Microsoft.NET.Sdk\targets\Microsoft.NET.Sdk.targets(204,5): message :       PostBuildEvent
       C:\Program Files\dotnet\sdk\10.0.301\Sdks\Microsoft.NET.Sdk\targets\Microsoft.NET.Sdk.targets(204,5): message :     ;
       C:\Program Files\dotnet\sdk\10.0.301\Sdks\Microsoft.NET.Sdk\targets\Microsoft.NET.Sdk.targets(204,5): message :       GenerateBuildDependencyFile;
       C:\Program Files\dotnet\sdk\10.0.301\Sdks\Microsoft.NET.Sdk\targets\Microsoft.NET.Sdk.targets(204,5): message :       GenerateBuildRuntimeConfigurationFiles
       C:\Program Files\dotnet\sdk\10.0.301\Sdks\Microsoft.NET.Sdk\targets\Microsoft.NET.Sdk.targets(204,5): message :     " (previous value: "
       C:\Program Files\dotnet\sdk\10.0.301\Sdks\Microsoft.NET.Sdk\targets\Microsoft.NET.Sdk.targets(204,5): message :       BuildOnlySettings;
       C:\Program Files\dotnet\sdk\10.0.301\Sdks\Microsoft.NET.Sdk\targets\Microsoft.NET.Sdk.targets(204,5): message :       PrepareForBuild;
       C:\Program Files\dotnet\sdk\10.0.301\Sdks\Microsoft.NET.Sdk\targets\Microsoft.NET.Sdk.targets(204,5): message :       PreBuildEvent;
       C:\Program Files\dotnet\sdk\10.0.301\Sdks\Microsoft.NET.Sdk\targets\Microsoft.NET.Sdk.targets(204,5): message :       ResolveReferences;
       C:\Program Files\dotnet\sdk\10.0.301\Sdks\Microsoft.NET.Sdk\targets\Microsoft.NET.Sdk.targets(204,5): message :       PrepareResources;
       C:\Program Files\dotnet\sdk\10.0.301\Sdks\Microsoft.NET.Sdk\targets\Microsoft.NET.Sdk.targets(204,5): message :       ResolveKeySource;
       C:\Program Files\dotnet\sdk\10.0.301\Sdks\Microsoft.NET.Sdk\targets\Microsoft.NET.Sdk.targets(204,5): message :       Compile;
       C:\Program Files\dotnet\sdk\10.0.301\Sdks\Microsoft.NET.Sdk\targets\Microsoft.NET.Sdk.targets(204,5): message :       ExportWindowsMDFile;
       C:\Program Files\dotnet\sdk\10.0.301\Sdks\Microsoft.NET.Sdk\targets\Microsoft.NET.Sdk.targets(204,5): message :       UnmanagedUnregistration;
       C:\Program Files\dotnet\sdk\10.0.301\Sdks\Microsoft.NET.Sdk\targets\Microsoft.NET.Sdk.targets(204,5): message :       GenerateSerializationAssemblies;
       C:\Program Files\dotnet\sdk\10.0.301\Sdks\Microsoft.NET.Sdk\targets\Microsoft.NET.Sdk.targets(204,5): message :       CreateSatelliteAssemblies;
       C:\Program Files\dotnet\sdk\10.0.301\Sdks\Microsoft.NET.Sdk\targets\Microsoft.NET.Sdk.targets(204,5): message :       GenerateManifests;
       C:\Program Files\dotnet\sdk\10.0.301\Sdks\Microsoft.NET.Sdk\targets\Microsoft.NET.Sdk.targets(204,5): message :       GetTargetPath;
       C:\Program Files\dotnet\sdk\10.0.301\Sdks\Microsoft.NET.Sdk\targets\Microsoft.NET.Sdk.targets(204,5): message :       PrepareForRun;
       C:\Program Files\dotnet\sdk\10.0.301\Sdks\Microsoft.NET.Sdk\targets\Microsoft.NET.Sdk.targets(204,5): message :       UnmanagedRegistration;
       C:\Program Files\dotnet\sdk\10.0.301\Sdks\Microsoft.NET.Sdk\targets\Microsoft.NET.Sdk.targets(204,5): message :       IncrementalClean;
       C:\Program Files\dotnet\sdk\10.0.301\Sdks\Microsoft.NET.Sdk\targets\Microsoft.NET.Sdk.targets(204,5): message :       PostBuildEvent
       C:\Program Files\dotnet\sdk\10.0.301\Sdks\Microsoft.NET.Sdk\targets\Microsoft.NET.Sdk.targets(204,5): message :     ") at C:\Program Files\dotnet\sdk\10.0.301\Sdks\Microsoft.NET.Sdk\targets\Microsoft.NET.Sdk.targets (204,5)
       C:\Program Files\dotnet\sdk\10.0.301\Sdks\Microsoft.NET.Sdk\targets\Microsoft.NET.Sdk.targets(213,5): message : Property reassignment: $(CoreCleanDependsOn)="
       C:\Program Files\dotnet\sdk\10.0.301\Sdks\Microsoft.NET.Sdk\targets\Microsoft.NET.Sdk.targets(213,5): message :       _SdkBeforeClean;
       C:\Program Files\dotnet\sdk\10.0.301\Sdks\Microsoft.NET.Sdk\targets\Microsoft.NET.Sdk.targets(213,5): message :       
       C:\Program Files\dotnet\sdk\10.0.301\Sdks\Microsoft.NET.Sdk\targets\Microsoft.NET.Sdk.targets(213,5): message :     " (previous value: "") at C:\Program Files\dotnet\sdk\10.0.301\Sdks\Microsoft.NET.Sdk\targets\Microsoft.NET.Sdk.targets (213,5)
       C:\Program Files\dotnet\sdk\10.0.301\Sdks\Microsoft.NET.Sdk\targets\Microsoft.NET.Sdk.targets(220,5): message : Property reassignment: $(RebuildDependsOn)="
       C:\Program Files\dotnet\sdk\10.0.301\Sdks\Microsoft.NET.Sdk\targets\Microsoft.NET.Sdk.targets(220,5): message :       _SdkBeforeRebuild;
       C:\Program Files\dotnet\sdk\10.0.301\Sdks\Microsoft.NET.Sdk\targets\Microsoft.NET.Sdk.targets(220,5): message :       
       C:\Program Files\dotnet\sdk\10.0.301\Sdks\Microsoft.NET.Sdk\targets\Microsoft.NET.Sdk.targets(220,5): message :       BeforeRebuild;
       C:\Program Files\dotnet\sdk\10.0.301\Sdks\Microsoft.NET.Sdk\targets\Microsoft.NET.Sdk.targets(220,5): message :       Clean;
       C:\Program Files\dotnet\sdk\10.0.301\Sdks\Microsoft.NET.Sdk\targets\Microsoft.NET.Sdk.targets(220,5): message :       Build;
       C:\Program Files\dotnet\sdk\10.0.301\Sdks\Microsoft.NET.Sdk\targets\Microsoft.NET.Sdk.targets(220,5): message :       AfterRebuild;
       C:\Program Files\dotnet\sdk\10.0.301\Sdks\Microsoft.NET.Sdk\targets\Microsoft.NET.Sdk.targets(220,5): message :     
       C:\Program Files\dotnet\sdk\10.0.301\Sdks\Microsoft.NET.Sdk\targets\Microsoft.NET.Sdk.targets(220,5): message :     " (previous value: "
       C:\Program Files\dotnet\sdk\10.0.301\Sdks\Microsoft.NET.Sdk\targets\Microsoft.NET.Sdk.targets(220,5): message :       BeforeRebuild;
       C:\Program Files\dotnet\sdk\10.0.301\Sdks\Microsoft.NET.Sdk\targets\Microsoft.NET.Sdk.targets(220,5): message :       Clean;
       C:\Program Files\dotnet\sdk\10.0.301\Sdks\Microsoft.NET.Sdk\targets\Microsoft.NET.Sdk.targets(220,5): message :       Build;
       C:\Program Files\dotnet\sdk\10.0.301\Sdks\Microsoft.NET.Sdk\targets\Microsoft.NET.Sdk.targets(220,5): message :       AfterRebuild;
       C:\Program Files\dotnet\sdk\10.0.301\Sdks\Microsoft.NET.Sdk\targets\Microsoft.NET.Sdk.targets(220,5): message :     ") at C:\Program Files\dotnet\sdk\10.0.301\Sdks\Microsoft.NET.Sdk\targets\Microsoft.NET.Sdk.targets (220,5)
       C:\Program Files\dotnet\sdk\10.0.301\Sdks\Microsoft.NET.Sdk\targets\Microsoft.NET.Sdk.targets(799,5): message : Property reassignment: $(CompileDependsOn)="
       C:\Program Files\dotnet\sdk\10.0.301\Sdks\Microsoft.NET.Sdk\targets\Microsoft.NET.Sdk.targets(799,5): message :       
       C:\Program Files\dotnet\sdk\10.0.301\Sdks\Microsoft.NET.Sdk\targets\Microsoft.NET.Sdk.targets(799,5): message :       ResolveReferences;
       C:\Program Files\dotnet\sdk\10.0.301\Sdks\Microsoft.NET.Sdk\targets\Microsoft.NET.Sdk.targets(799,5): message :       ResolveKeySource;
       C:\Program Files\dotnet\sdk\10.0.301\Sdks\Microsoft.NET.Sdk\targets\Microsoft.NET.Sdk.targets(799,5): message :       SetWin32ManifestProperties;
       C:\Program Files\dotnet\sdk\10.0.301\Sdks\Microsoft.NET.Sdk\targets\Microsoft.NET.Sdk.targets(799,5): message :       _SetPreferNativeArm64Win32ManifestProperties;
       C:\Program Files\dotnet\sdk\10.0.301\Sdks\Microsoft.NET.Sdk\targets\Microsoft.NET.Sdk.targets(799,5): message :       FindReferenceAssembliesForReferences;
       C:\Program Files\dotnet\sdk\10.0.301\Sdks\Microsoft.NET.Sdk\targets\Microsoft.NET.Sdk.targets(799,5): message :       _GenerateCompileInputs;
       C:\Program Files\dotnet\sdk\10.0.301\Sdks\Microsoft.NET.Sdk\targets\Microsoft.NET.Sdk.targets(799,5): message :       BeforeCompile;
       C:\Program Files\dotnet\sdk\10.0.301\Sdks\Microsoft.NET.Sdk\targets\Microsoft.NET.Sdk.targets(799,5): message :       _TimeStampBeforeCompile;
       C:\Program Files\dotnet\sdk\10.0.301\Sdks\Microsoft.NET.Sdk\targets\Microsoft.NET.Sdk.targets(799,5): message :       _GenerateCompileDependencyCache;
       C:\Program Files\dotnet\sdk\10.0.301\Sdks\Microsoft.NET.Sdk\targets\Microsoft.NET.Sdk.targets(799,5): message :       CoreCompile;
       C:\Program Files\dotnet\sdk\10.0.301\Sdks\Microsoft.NET.Sdk\targets\Microsoft.NET.Sdk.targets(799,5): message :       _TimeStampAfterCompile;
       C:\Program Files\dotnet\sdk\10.0.301\Sdks\Microsoft.NET.Sdk\targets\Microsoft.NET.Sdk.targets(799,5): message :       AfterCompile;
       C:\Program Files\dotnet\sdk\10.0.301\Sdks\Microsoft.NET.Sdk\targets\Microsoft.NET.Sdk.targets(799,5): message :     ;
       C:\Program Files\dotnet\sdk\10.0.301\Sdks\Microsoft.NET.Sdk\targets\Microsoft.NET.Sdk.targets(799,5): message :       _CreateAppHost;
       C:\Program Files\dotnet\sdk\10.0.301\Sdks\Microsoft.NET.Sdk\targets\Microsoft.NET.Sdk.targets(799,5): message :       _CreateComHost;
       C:\Program Files\dotnet\sdk\10.0.301\Sdks\Microsoft.NET.Sdk\targets\Microsoft.NET.Sdk.targets(799,5): message :       _GetIjwHostPaths;
       C:\Program Files\dotnet\sdk\10.0.301\Sdks\Microsoft.NET.Sdk\targets\Microsoft.NET.Sdk.targets(799,5): message :     " (previous value: "
       C:\Program Files\dotnet\sdk\10.0.301\Sdks\Microsoft.NET.Sdk\targets\Microsoft.NET.Sdk.targets(799,5): message :       ResolveReferences;
       C:\Program Files\dotnet\sdk\10.0.301\Sdks\Microsoft.NET.Sdk\targets\Microsoft.NET.Sdk.targets(799,5): message :       ResolveKeySource;
       C:\Program Files\dotnet\sdk\10.0.301\Sdks\Microsoft.NET.Sdk\targets\Microsoft.NET.Sdk.targets(799,5): message :       SetWin32ManifestProperties;
       C:\Program Files\dotnet\sdk\10.0.301\Sdks\Microsoft.NET.Sdk\targets\Microsoft.NET.Sdk.targets(799,5): message :       _SetPreferNativeArm64Win32ManifestProperties;
       C:\Program Files\dotnet\sdk\10.0.301\Sdks\Microsoft.NET.Sdk\targets\Microsoft.NET.Sdk.targets(799,5): message :       FindReferenceAssembliesForReferences;
       C:\Program Files\dotnet\sdk\10.0.301\Sdks\Microsoft.NET.Sdk\targets\Microsoft.NET.Sdk.targets(799,5): message :       _GenerateCompileInputs;
       C:\Program Files\dotnet\sdk\10.0.301\Sdks\Microsoft.NET.Sdk\targets\Microsoft.NET.Sdk.targets(799,5): message :       BeforeCompile;
       C:\Program Files\dotnet\sdk\10.0.301\Sdks\Microsoft.NET.Sdk\targets\Microsoft.NET.Sdk.targets(799,5): message :       _TimeStampBeforeCompile;
       C:\Program Files\dotnet\sdk\10.0.301\Sdks\Microsoft.NET.Sdk\targets\Microsoft.NET.Sdk.targets(799,5): message :       _GenerateCompileDependencyCache;
       C:\Program Files\dotnet\sdk\10.0.301\Sdks\Microsoft.NET.Sdk\targets\Microsoft.NET.Sdk.targets(799,5): message :       CoreCompile;
       C:\Program Files\dotnet\sdk\10.0.301\Sdks\Microsoft.NET.Sdk\targets\Microsoft.NET.Sdk.targets(799,5): message :       _TimeStampAfterCompile;
       C:\Program Files\dotnet\sdk\10.0.301\Sdks\Microsoft.NET.Sdk\targets\Microsoft.NET.Sdk.targets(799,5): message :       AfterCompile;
       C:\Program Files\dotnet\sdk\10.0.301\Sdks\Microsoft.NET.Sdk\targets\Microsoft.NET.Sdk.targets(799,5): message :     ") at C:\Program Files\dotnet\sdk\10.0.301\Sdks\Microsoft.NET.Sdk\targets\Microsoft.NET.Sdk.targets (799,5)
       C:\Program Files\dotnet\sdk\10.0.301\Sdks\Microsoft.NET.Sdk\targets\Microsoft.NET.Sdk.targets(1131,5): message : Property reassignment: $(CreateSatelliteAssembliesDependsOn)="
       C:\Program Files\dotnet\sdk\10.0.301\Sdks\Microsoft.NET.Sdk\targets\Microsoft.NET.Sdk.targets(1131,5): message :       
       C:\Program Files\dotnet\sdk\10.0.301\Sdks\Microsoft.NET.Sdk\targets\Microsoft.NET.Sdk.targets(1131,5): message :       ;
       C:\Program Files\dotnet\sdk\10.0.301\Sdks\Microsoft.NET.Sdk\targets\Microsoft.NET.Sdk.targets(1131,5): message :       _GenerateSatelliteAssemblyInputs;
       C:\Program Files\dotnet\sdk\10.0.301\Sdks\Microsoft.NET.Sdk\targets\Microsoft.NET.Sdk.targets(1131,5): message :       ComputeIntermediateSatelliteAssemblies;
       C:\Program Files\dotnet\sdk\10.0.301\Sdks\Microsoft.NET.Sdk\targets\Microsoft.NET.Sdk.targets(1131,5): message :       GenerateSatelliteAssemblies
       C:\Program Files\dotnet\sdk\10.0.301\Sdks\Microsoft.NET.Sdk\targets\Microsoft.NET.Sdk.targets(1131,5): message :     ;
       C:\Program Files\dotnet\sdk\10.0.301\Sdks\Microsoft.NET.Sdk\targets\Microsoft.NET.Sdk.targets(1131,5): message :       CoreGenerateSatelliteAssemblies
       C:\Program Files\dotnet\sdk\10.0.301\Sdks\Microsoft.NET.Sdk\targets\Microsoft.NET.Sdk.targets(1131,5): message :     " (previous value: "
       C:\Program Files\dotnet\sdk\10.0.301\Sdks\Microsoft.NET.Sdk\targets\Microsoft.NET.Sdk.targets(1131,5): message :       ;
       C:\Program Files\dotnet\sdk\10.0.301\Sdks\Microsoft.NET.Sdk\targets\Microsoft.NET.Sdk.targets(1131,5): message :       _GenerateSatelliteAssemblyInputs;
       C:\Program Files\dotnet\sdk\10.0.301\Sdks\Microsoft.NET.Sdk\targets\Microsoft.NET.Sdk.targets(1131,5): message :       ComputeIntermediateSatelliteAssemblies;
       C:\Program Files\dotnet\sdk\10.0.301\Sdks\Microsoft.NET.Sdk\targets\Microsoft.NET.Sdk.targets(1131,5): message :       GenerateSatelliteAssemblies
       C:\Program Files\dotnet\sdk\10.0.301\Sdks\Microsoft.NET.Sdk\targets\Microsoft.NET.Sdk.targets(1131,5): message :     ") at C:\Program Files\dotnet\sdk\10.0.301\Sdks\Microsoft.NET.Sdk\targets\Microsoft.NET.Sdk.targets (1131,5)
       C:\Program Files\dotnet\sdk\10.0.301\Sdks\Microsoft.SourceLink.GitLab\build\Microsoft.SourceLink.GitLab.targets(12,5): message : Property reassignment: $(SourceLinkUrlInitializerTargets)=";_InitializeGitHubSourceLinkUrl;_InitializeGitLabSourceLinkUrl" (previous value: ";_InitializeGitHubSourceLinkUrl") at C:\Program Files\dotnet\sdk\10.0.301\Sdks\Microsoft.SourceLink.GitLab\build\Microsoft.SourceLink.GitLab.targets (12,5)
       C:\Program Files\dotnet\sdk\10.0.301\Sdks\Microsoft.SourceLink.GitLab\build\Microsoft.SourceLink.GitLab.targets(13,5): message : Property reassignment: $(SourceControlManagerUrlTranslationTargets)=";TranslateGitHubUrlsInSourceControlInformation;TranslateGitLabUrlsInSourceControlInformation" (previous value: ";TranslateGitHubUrlsInSourceControlInformation") at C:\Program Files\dotnet\sdk\10.0.301\Sdks\Microsoft.SourceLink.GitLab\build\Microsoft.SourceLink.GitLab.targets (13,5)
       C:\Program Files\dotnet\sdk\10.0.301\Sdks\Microsoft.SourceLink.AzureRepos.Git\build\Microsoft.SourceLink.AzureRepos.Git.targets(12,5): message : Property reassignment: $(SourceLinkUrlInitializerTargets)=";_InitializeGitHubSourceLinkUrl;_InitializeGitLabSourceLinkUrl;_InitializeAzureReposGitSourceLinkUrl" (previous value: ";_InitializeGitHubSourceLinkUrl;_InitializeGitLabSourceLinkUrl") at C:\Program Files\dotnet\sdk\10.0.301\Sdks\Microsoft.SourceLink.AzureRepos.Git\build\Microsoft.SourceLink.AzureRepos.Git.targets (12,5)
       C:\Program Files\dotnet\sdk\10.0.301\Sdks\Microsoft.SourceLink.AzureRepos.Git\build\Microsoft.SourceLink.AzureRepos.Git.targets(13,5): message : Property reassignment: $(SourceControlManagerUrlTranslationTargets)=";TranslateGitHubUrlsInSourceControlInformation;TranslateGitLabUrlsInSourceControlInformation;TranslateAzureReposGitUrlsInSourceControlInformation" (previous value: ";TranslateGitHubUrlsInSourceControlInformation;TranslateGitLabUrlsInSourceControlInformation") at C:\Program Files\dotnet\sdk\10.0.301\Sdks\Microsoft.SourceLink.AzureRepos.Git\build\Microsoft.SourceLink.AzureRepos.Git.targets (13,5)
       C:\Program Files\dotnet\sdk\10.0.301\Sdks\Microsoft.SourceLink.Bitbucket.Git\build\Microsoft.SourceLink.Bitbucket.Git.targets(12,5): message : Property reassignment: $(SourceLinkUrlInitializerTargets)=";_InitializeGitHubSourceLinkUrl;_InitializeGitLabSourceLinkUrl;_InitializeAzureReposGitSourceLinkUrl;_InitializeBitbucketGitSourceLinkUrl" (previous value: ";_InitializeGitHubSourceLinkUrl;_InitializeGitLabSourceLinkUrl;_InitializeAzureReposGitSourceLinkUrl") at C:\Program Files\dotnet\sdk\10.0.301\Sdks\Microsoft.SourceLink.Bitbucket.Git\build\Microsoft.SourceLink.Bitbucket.Git.targets (12,5)
       C:\Program Files\dotnet\sdk\10.0.301\Sdks\Microsoft.SourceLink.Bitbucket.Git\build\Microsoft.SourceLink.Bitbucket.Git.targets(13,5): message : Property reassignment: $(SourceControlManagerUrlTranslationTargets)=";TranslateGitHubUrlsInSourceControlInformation;TranslateGitLabUrlsInSourceControlInformation;TranslateAzureReposGitUrlsInSourceControlInformation;TranslateBitbucketGitUrlsInSourceControlInformation" (previous value: ";TranslateGitHubUrlsInSourceControlInformation;TranslateGitLabUrlsInSourceControlInformation;TranslateAzureReposGitUrlsInSourceControlInformation") at C:\Program Files\dotnet\sdk\10.0.301\Sdks\Microsoft.SourceLink.Bitbucket.Git\build\Microsoft.SourceLink.Bitbucket.Git.targets (13,5)
       C:\Program Files\dotnet\sdk\10.0.301\Sdks\Microsoft.NET.Sdk\targets\Microsoft.NET.DesignerSupport.targets(21,5): message : Property reassignment: $(DesignerRuntimeImplementationProjectOutputGroupDependsOn)="
       C:\Program Files\dotnet\sdk\10.0.301\Sdks\Microsoft.NET.Sdk\targets\Microsoft.NET.DesignerSupport.targets(21,5): message :       
       C:\Program Files\dotnet\sdk\10.0.301\Sdks\Microsoft.NET.Sdk\targets\Microsoft.NET.DesignerSupport.targets(21,5): message :       ;
       C:\Program Files\dotnet\sdk\10.0.301\Sdks\Microsoft.NET.Sdk\targets\Microsoft.NET.DesignerSupport.targets(21,5): message :       
       C:\Program Files\dotnet\sdk\10.0.301\Sdks\Microsoft.NET.Sdk\targets\Microsoft.NET.DesignerSupport.targets(21,5): message :       ;
       C:\Program Files\dotnet\sdk\10.0.301\Sdks\Microsoft.NET.Sdk\targets\Microsoft.NET.DesignerSupport.targets(21,5): message :       BuildOnlySettings;
       C:\Program Files\dotnet\sdk\10.0.301\Sdks\Microsoft.NET.Sdk\targets\Microsoft.NET.DesignerSupport.targets(21,5): message :       PrepareForBuild;
       C:\Program Files\dotnet\sdk\10.0.301\Sdks\Microsoft.NET.Sdk\targets\Microsoft.NET.DesignerSupport.targets(21,5): message :       AssignTargetPaths;
       C:\Program Files\dotnet\sdk\10.0.301\Sdks\Microsoft.NET.Sdk\targets\Microsoft.NET.DesignerSupport.targets(21,5): message :       ResolveReferences
       C:\Program Files\dotnet\sdk\10.0.301\Sdks\Microsoft.NET.Sdk\targets\Microsoft.NET.DesignerSupport.targets(21,5): message :     
       C:\Program Files\dotnet\sdk\10.0.301\Sdks\Microsoft.NET.Sdk\targets\Microsoft.NET.DesignerSupport.targets(21,5): message :     ;
       C:\Program Files\dotnet\sdk\10.0.301\Sdks\Microsoft.NET.Sdk\targets\Microsoft.NET.DesignerSupport.targets(21,5): message :       _GenerateDesignerDepsFile;
       C:\Program Files\dotnet\sdk\10.0.301\Sdks\Microsoft.NET.Sdk\targets\Microsoft.NET.DesignerSupport.targets(21,5): message :       _GenerateDesignerRuntimeConfigFile;
       C:\Program Files\dotnet\sdk\10.0.301\Sdks\Microsoft.NET.Sdk\targets\Microsoft.NET.DesignerSupport.targets(21,5): message :       GetCopyToOutputDirectoryItems;
       C:\Program Files\dotnet\sdk\10.0.301\Sdks\Microsoft.NET.Sdk\targets\Microsoft.NET.DesignerSupport.targets(21,5): message :       _GatherDesignerShadowCopyFiles;
       C:\Program Files\dotnet\sdk\10.0.301\Sdks\Microsoft.NET.Sdk\targets\Microsoft.NET.DesignerSupport.targets(21,5): message :     " (previous value: "
       C:\Program Files\dotnet\sdk\10.0.301\Sdks\Microsoft.NET.Sdk\targets\Microsoft.NET.DesignerSupport.targets(21,5): message :       ;
       C:\Program Files\dotnet\sdk\10.0.301\Sdks\Microsoft.NET.Sdk\targets\Microsoft.NET.DesignerSupport.targets(21,5): message :       
       C:\Program Files\dotnet\sdk\10.0.301\Sdks\Microsoft.NET.Sdk\targets\Microsoft.NET.DesignerSupport.targets(21,5): message :       ;
       C:\Program Files\dotnet\sdk\10.0.301\Sdks\Microsoft.NET.Sdk\targets\Microsoft.NET.DesignerSupport.targets(21,5): message :       BuildOnlySettings;
       C:\Program Files\dotnet\sdk\10.0.301\Sdks\Microsoft.NET.Sdk\targets\Microsoft.NET.DesignerSupport.targets(21,5): message :       PrepareForBuild;
       C:\Program Files\dotnet\sdk\10.0.301\Sdks\Microsoft.NET.Sdk\targets\Microsoft.NET.DesignerSupport.targets(21,5): message :       AssignTargetPaths;
       C:\Program Files\dotnet\sdk\10.0.301\Sdks\Microsoft.NET.Sdk\targets\Microsoft.NET.DesignerSupport.targets(21,5): message :       ResolveReferences
       C:\Program Files\dotnet\sdk\10.0.301\Sdks\Microsoft.NET.Sdk\targets\Microsoft.NET.DesignerSupport.targets(21,5): message :     
       C:\Program Files\dotnet\sdk\10.0.301\Sdks\Microsoft.NET.Sdk\targets\Microsoft.NET.DesignerSupport.targets(21,5): message :     ") at C:\Program Files\dotnet\sdk\10.0.301\Sdks\Microsoft.NET.Sdk\targets\Microsoft.NET.DesignerSupport.targets (21,5)
       C:\Program Files\dotnet\sdk\10.0.301\Sdks\Microsoft.NET.Sdk\targets\Microsoft.NET.Sdk.CSharp.targets(31,5): message : Property reassignment: $(DefineConstants)="TRACE;MICROSOFT_WINDOWSAPPSDK_BOOTSTRAP_AUTO_INITIALIZE;DEBUG" (previous value: "TRACE;MICROSOFT_WINDOWSAPPSDK_BOOTSTRAP_AUTO_INITIALIZE") at C:\Program Files\dotnet\sdk\10.0.301\Sdks\Microsoft.NET.Sdk\targets\Microsoft.NET.Sdk.CSharp.targets (31,5)
       C:\Program Files\dotnet\sdk\10.0.301\Sdks\Microsoft.NET.Sdk\targets\Microsoft.NET.Sdk.CSharp.targets(45,5): message : Property reassignment: $(WarningsAsErrors)=";NU1605;SYSLIB0011" (previous value: ";NU1605") at C:\Program Files\dotnet\sdk\10.0.301\Sdks\Microsoft.NET.Sdk\targets\Microsoft.NET.Sdk.CSharp.targets (45,5)
       C:\Program Files\dotnet\sdk\10.0.301\Sdks\Microsoft.NET.Sdk\targets\Microsoft.NET.Windows.targets(239,5): message : Property reassignment: $(_RunCsWinRTGeneratorPropertyInputsCachePath)="C:\Personal Projects\SoundBar\obj\Debug\net10.0-windows10.0.19041.0\SoundBar.cswinrtgen.cache" (previous value: "obj\Debug\net10.0-windows10.0.19041.0\SoundBar.cswinrtgen.cache") at C:\Program Files\dotnet\sdk\10.0.301\Sdks\Microsoft.NET.Sdk\targets\Microsoft.NET.Windows.targets (239,5)
       C:\Program Files\dotnet\sdk\10.0.301\NuGet.Build.Tasks.Pack.targets(34,5): message : Property reassignment: $(PackageDescription)="Package Description" (previous value: "") at C:\Program Files\dotnet\sdk\10.0.301\NuGet.Build.Tasks.Pack.targets (34,5)
       C:\Program Files\dotnet\sdk\10.0.301\NuGet.Build.Tasks.Pack.targets(59,5): message : Property reassignment: $(GenerateNuspecDependsOn)="Build;_LoadPackInputItems; _GetTargetFrameworksOutput; _WalkEachTargetPerFramework; _GetPackageFiles; " (previous value: "_LoadPackInputItems; _GetTargetFrameworksOutput; _WalkEachTargetPerFramework; _GetPackageFiles; ") at C:\Program Files\dotnet\sdk\10.0.301\NuGet.Build.Tasks.Pack.targets (59,5)
       C:\Program Files\dotnet\sdk\10.0.301\Sdks\Microsoft.NET.Sdk\Sdk\Sdk.targets(59,5): message : Property reassignment: $(_IsNotSetContainersTargetsDir)="true" (previous value: "false") at C:\Program Files\dotnet\sdk\10.0.301\Sdks\Microsoft.NET.Sdk\Sdk\Sdk.targets (59,5)
       C:\Program Files\dotnet\sdk\10.0.301\Containers\build\Microsoft.NET.Build.Containers.targets(5,5): message : Property reassignment: $(_IsSDKContainerAllowedVersion)="true" (previous value: "false") at C:\Program Files\dotnet\sdk\10.0.301\Containers\build\Microsoft.NET.Build.Containers.targets (5,5)
       C:\Program Files\dotnet\sdk\10.0.301\Containers\build\Microsoft.NET.Build.Containers.targets(15,5): message : Property reassignment: $(_ContainerIsTargetingNet8TFM)="true" (previous value: "false") at C:\Program Files\dotnet\sdk\10.0.301\Containers\build\Microsoft.NET.Build.Containers.targets (15,5)
       Overriding target "Publish" in project "C:\Program Files\dotnet\sdk\10.0.301\Microsoft.Common.CurrentVersion.targets" with target "Publish" from project "C:\Users\UKGC\.nuget\packages\microsoft.windowsappsdk\1.4.231008000\buildTransitive\MrtCore.PriGen.targets".
       Overriding target "ResolveFrameworkReferences" in project "C:\Program Files\dotnet\sdk\10.0.301\Microsoft.Common.CurrentVersion.targets" with target "ResolveFrameworkReferences" from project "C:\Program Files\dotnet\sdk\10.0.301\Sdks\Microsoft.NET.Sdk\targets\Microsoft.NET.Sdk.FrameworkReferenceResolution.targets".
       Overriding target "GenerateSupportedTargetFrameworkAlias" in project "C:\Program Files\dotnet\sdk\10.0.301\Microsoft.Common.CurrentVersion.targets" with target "GenerateSupportedTargetFrameworkAlias" from project "C:\Program Files\dotnet\sdk\10.0.301\Sdks\Microsoft.NET.Sdk\targets\Microsoft.NET.Sdk.targets".
       Overriding target "GetReferenceAssemblyPaths" in project "C:\Program Files\dotnet\sdk\10.0.301\Microsoft.Common.CurrentVersion.targets" with target "GetReferenceAssemblyPaths" from project "C:\Program Files\dotnet\sdk\10.0.301\Sdks\Microsoft.NET.Sdk\targets\Microsoft.NET.DisableStandardFrameworkResolution.targets".
       Overriding target "GetFrameworkPaths" in project "C:\Program Files\dotnet\sdk\10.0.301\Microsoft.Common.CurrentVersion.targets" with target "GetFrameworkPaths" from project "C:\Program Files\dotnet\sdk\10.0.301\Sdks\Microsoft.NET.Sdk\targets\Microsoft.NET.DisableStandardFrameworkResolution.targets".
       Overriding target "DesignerRuntimeImplementationProjectOutputGroup" in project "C:\Program Files\dotnet\sdk\10.0.301\Microsoft.Common.CurrentVersion.targets" with target "DesignerRuntimeImplementationProjectOutputGroup" from project "C:\Program Files\dotnet\sdk\10.0.301\Sdks\Microsoft.NET.Sdk\targets\Microsoft.NET.DesignerSupport.targets".
       Overriding target "Publish" in project "C:\Users\UKGC\.nuget\packages\microsoft.windowsappsdk\1.4.231008000\buildTransitive\MrtCore.PriGen.targets" with target "Publish" from project "C:\Program Files\dotnet\sdk\10.0.301\Sdks\Microsoft.NET.Sdk\targets\Microsoft.NET.Publish.targets".
       Overriding target "ResolveReadyToRunCompilers" in project "C:\Program Files\dotnet\sdk\10.0.301\Sdks\Microsoft.NET.Sdk\targets\Microsoft.NET.CrossGen.targets" with target "ResolveReadyToRunCompilers" from project "C:\Program Files\dotnet\sdk\10.0.301\Sdks\Microsoft.NET.Sdk\targets\Microsoft.NET.Publish.targets".
       Overriding target "GetCopyToPublishDirectoryItems" in project "C:\Program Files\dotnet\sdk\10.0.301\Microsoft.Common.CurrentVersion.targets" with target "GetCopyToPublishDirectoryItems" from project "C:\Program Files\dotnet\sdk\10.0.301\Sdks\Microsoft.NET.Sdk\targets\Microsoft.NET.Publish.targets".
       Overriding target "Run" in project "C:\Program Files\dotnet\sdk\10.0.301\Microsoft.Common.CurrentVersion.targets" with target "Run" from project "C:\Program Files\dotnet\sdk\10.0.301\Sdks\Microsoft.NET.Sdk\targets\Microsoft.NET.Sdk.targets".
       The target "CollectUpToDateCheckInputDesignTime" listed in a BeforeTargets attribute at "C:\Users\UKGC\.nuget\packages\microsoft.windowsappsdk\1.4.231008000\buildTransitive\MrtCore.PriGen.targets (1623,103)" does not exist in the project, and will be ignored.
       The target "CollectUpToDateCheckBuiltDesignTime" listed in a BeforeTargets attribute at "C:\Users\UKGC\.nuget\packages\microsoft.windowsappsdk\1.4.231008000\buildTransitive\MrtCore.PriGen.targets (1667,45)" does not exist in the project, and will be ignored.
       The target "ResolveNuGetPackageAssets" listed in an AfterTargets attribute at "C:\Users\UKGC\.nuget\packages\microsoft.windowsappsdk\1.4.231008000\buildTransitive\Microsoft.WinUI.AppX.targets (56,51)" does not exist in the project, and will be ignored.
       The target "_ConvertItems" listed in a BeforeTargets attribute at "C:\Users\UKGC\.nuget\packages\microsoft.windowsappsdk\1.4.231008000\buildTransitive\Microsoft.WinUI.AppX.targets (112,7)" does not exist in the project, and will be ignored.
       The target "_ExpandProjectReferences" listed in an AfterTargets attribute at "C:\Users\UKGC\.nuget\packages\microsoft.windowsappsdk\1.4.231008000\buildTransitive\Microsoft.WinUI.AppX.targets (113,7)" does not exist in the project, and will be ignored.
       The target "ClCompile" listed in a BeforeTargets attribute at "C:\Users\UKGC\.nuget\packages\microsoft.windowsappsdk\1.4.231008000\buildTransitive\Microsoft.WindowsAppSDK.targets (18,11)" does not exist in the project, and will be ignored.
       The target "_ConvertItems" listed in a BeforeTargets attribute at "C:\Users\UKGC\.nuget\packages\microsoft.windowsappsdk\1.4.231008000\buildTransitive\Microsoft.WindowsAppSDK.targets (41,61)" does not exist in the project, and will be ignored.
       The target "_ResolveVCLibDependencies" listed in an AfterTargets attribute at "C:\Users\UKGC\.nuget\packages\microsoft.windowsappsdk\1.4.231008000\buildTransitive\Microsoft.WindowsAppSDK.targets (41,91)" does not exist in the project, and will be ignored.
     1>Project "C:\Personal Projects\SoundBar\SoundBar.slnx" (1) is building "C:\Personal Projects\SoundBar\SoundBar.csproj" (2) on node 1 (default targets).
     2>Target "_CollectTargetFrameworkForTelemetry" in file "C:\Program Files\dotnet\sdk\10.0.301\Sdks\Microsoft.NET.Sdk\targets\Microsoft.NET.TargetFrameworkInference.targets" from project "C:\Personal Projects\SoundBar\SoundBar.csproj" (target "_CheckForInvalidConfigurationAndPlatform" depends on it):
     2>Using "AllowEmptyTelemetry" task from assembly "C:\Program Files\dotnet\sdk\10.0.301\Sdks\Microsoft.NET.Sdk\targets\..\tools\net10.0\Microsoft.NET.Build.Tasks.dll".
       Task "AllowEmptyTelemetry"
       Done executing task "AllowEmptyTelemetry".
     2>Done building target "_CollectTargetFrameworkForTelemetry" in project "SoundBar.csproj".
     2>Target "_CheckForUnsupportedTargetPlatformIdentifier" in file "C:\Program Files\dotnet\sdk\10.0.301\Sdks\Microsoft.NET.Sdk\targets\Microsoft.NET.TargetFrameworkInference.targets" from project "C:\Personal Projects\SoundBar\SoundBar.csproj" (target "_CheckForInvalidConfigurationAndPlatform" depends on it):
     2>Done building target "_CheckForUnsupportedTargetPlatformIdentifier" in project "SoundBar.csproj".
     2>Target "_CheckForUnsupportedNETCoreVersion" in file "C:\Program Files\dotnet\sdk\10.0.301\Sdks\Microsoft.NET.Sdk\targets\Microsoft.NET.TargetFrameworkInference.targets" from project "C:\Personal Projects\SoundBar\SoundBar.csproj" (target "_CheckForInvalidConfigurationAndPlatform" depends on it):
     2>Done building target "_CheckForUnsupportedNETCoreVersion" in project "SoundBar.csproj".
     2>Target "_CheckForUnsupportedCppNETCoreVersion" in file "C:\Program Files\dotnet\sdk\10.0.301\Sdks\Microsoft.NET.Sdk\targets\Microsoft.NET.TargetFrameworkInference.targets" from project "C:\Personal Projects\SoundBar\SoundBar.csproj" (target "_CheckForInvalidConfigurationAndPlatform" depends on it):
     2>Done building target "_CheckForUnsupportedCppNETCoreVersion" in project "SoundBar.csproj".
     2>Target "_CheckForSupportedOSPlatformVersionHigherThanTargetPlatformVersion" in file "C:\Program Files\dotnet\sdk\10.0.301\Sdks\Microsoft.NET.Sdk\targets\Microsoft.NET.TargetFrameworkInference.targets" from project "C:\Personal Projects\SoundBar\SoundBar.csproj" (target "_CheckForInvalidConfigurationAndPlatform" depends on it):
     2>Done building target "_CheckForSupportedOSPlatformVersionHigherThanTargetPlatformVersion" in project "SoundBar.csproj".
     2>Target "_NormalizeTargetPlatformVersion" in file "C:\Program Files\dotnet\sdk\10.0.301\Sdks\Microsoft.NET.Sdk\targets\Microsoft.NET.TargetFrameworkInference.targets" from project "C:\Personal Projects\SoundBar\SoundBar.csproj" (target "_CheckForInvalidTargetPlatformVersion" depends on it):
     2>Done building target "_NormalizeTargetPlatformVersion" in project "SoundBar.csproj".
     2>Target "_CheckForInvalidTargetPlatformVersion" in file "C:\Program Files\dotnet\sdk\10.0.301\Sdks\Microsoft.NET.Sdk\targets\Microsoft.NET.TargetFrameworkInference.targets" from project "C:\Personal Projects\SoundBar\SoundBar.csproj" (target "_CheckForInvalidConfigurationAndPlatform" depends on it):
     2>Done building target "_CheckForInvalidTargetPlatformVersion" in project "SoundBar.csproj".
     2>Target "_CheckForUnsupportedArtifactsPath" in file "C:\Program Files\dotnet\sdk\10.0.301\Sdks\Microsoft.NET.Sdk\targets\Microsoft.NET.DefaultOutputPaths.targets" from project "C:\Personal Projects\SoundBar\SoundBar.csproj" (target "_CheckForInvalidConfigurationAndPlatform" depends on it):
     2>Done building target "_CheckForUnsupportedArtifactsPath" in project "SoundBar.csproj".
     2>Target "_CheckRIDAsserts" in file "C:\Program Files\dotnet\sdk\10.0.301\Sdks\Microsoft.NET.Sdk\targets\Microsoft.NET.RuntimeIdentifierInference.targets" from project "C:\Personal Projects\SoundBar\SoundBar.csproj" (target "_CheckForUnsupportedAppHostUsage" depends on it):
     2>Done building target "_CheckRIDAsserts" in project "SoundBar.csproj".
     2>Target "_CheckForUnsupportedAppHostUsage" in file "C:\Program Files\dotnet\sdk\10.0.301\Sdks\Microsoft.NET.Sdk\targets\Microsoft.NET.RuntimeIdentifierInference.targets" from project "C:\Personal Projects\SoundBar\SoundBar.csproj" (target "_CheckForInvalidConfigurationAndPlatform" depends on it):
     2>Done building target "_CheckForUnsupportedAppHostUsage" in project "SoundBar.csproj".
     2>Target "_CheckForUnsupportedHostingUsage" in file "C:\Program Files\dotnet\sdk\10.0.301\Sdks\Microsoft.NET.Sdk\targets\Microsoft.NET.RuntimeIdentifierInference.targets" from project "C:\Personal Projects\SoundBar\SoundBar.csproj" (target "_CheckForInvalidConfigurationAndPlatform" depends on it):
     2>Done building target "_CheckForUnsupportedHostingUsage" in project "SoundBar.csproj".
     2>Target "_CheckAndUnsetUnsupportedPrefer32Bit" in file "C:\Program Files\dotnet\sdk\10.0.301\Sdks\Microsoft.NET.Sdk\targets\Microsoft.NET.RuntimeIdentifierInference.targets" from project "C:\Personal Projects\SoundBar\SoundBar.csproj" (target "_CheckForInvalidConfigurationAndPlatform" depends on it):
     2>Done building target "_CheckAndUnsetUnsupportedPrefer32Bit" in project "SoundBar.csproj".
     2>Target "_CheckForLanguageAndFeatureCombinationSupport" in file "C:\Program Files\dotnet\sdk\10.0.301\Sdks\Microsoft.NET.Sdk\targets\Microsoft.NET.RuntimeIdentifierInference.targets" from project "C:\Personal Projects\SoundBar\SoundBar.csproj" (target "_CheckForInvalidConfigurationAndPlatform" depends on it):
     2>Done building target "_CheckForLanguageAndFeatureCombinationSupport" in project "SoundBar.csproj".
     2>Target "UpdateAspNetToFrameworkReference" in file "C:\Program Files\dotnet\sdk\10.0.301\Sdks\Microsoft.NET.Sdk\targets\Microsoft.NET.Sdk.DefaultItems.Shared.targets" from project "C:\Personal Projects\SoundBar\SoundBar.csproj" (target "ApplyImplicitVersions" depends on it):
       Using "CheckIfPackageReferenceShouldBeFrameworkReference" task from assembly "C:\Program Files\dotnet\sdk\10.0.301\Sdks\Microsoft.NET.Sdk\targets\..\tools\net10.0\Microsoft.NET.Build.Tasks.dll".
       Task "CheckIfPackageReferenceShouldBeFrameworkReference"
       Done executing task "CheckIfPackageReferenceShouldBeFrameworkReference".
       Task "CheckIfPackageReferenceShouldBeFrameworkReference"
       Done executing task "CheckIfPackageReferenceShouldBeFrameworkReference".
     2>Done building target "UpdateAspNetToFrameworkReference" in project "SoundBar.csproj".
     2>Target "CheckForImplicitPackageReferenceOverrides" in file "C:\Program Files\dotnet\sdk\10.0.301\Sdks\Microsoft.NET.Sdk\targets\Microsoft.NET.Sdk.DefaultItems.Shared.targets" from project "C:\Personal Projects\SoundBar\SoundBar.csproj" (target "ApplyImplicitVersions" depends on it):
       Using "CheckForImplicitPackageReferenceOverrides" task from assembly "C:\Program Files\dotnet\sdk\10.0.301\Sdks\Microsoft.NET.Sdk\targets\..\tools\net10.0\Microsoft.NET.Build.Tasks.dll".
       Task "CheckForImplicitPackageReferenceOverrides"
       Done executing task "CheckForImplicitPackageReferenceOverrides".
     2>Done building target "CheckForImplicitPackageReferenceOverrides" in project "SoundBar.csproj".
     2>Target "ApplyImplicitVersions" in file "C:\Program Files\dotnet\sdk\10.0.301\Sdks\Microsoft.NET.Sdk\targets\Microsoft.NET.Sdk.DefaultItems.Shared.targets" from project "C:\Personal Projects\SoundBar\SoundBar.csproj" (target "CollectPackageReferences" depends on it):
       Using "ApplyImplicitVersions" task from assembly "C:\Program Files\dotnet\sdk\10.0.301\Sdks\Microsoft.NET.Sdk\targets\..\tools\net10.0\Microsoft.NET.Build.Tasks.dll".
       Task "ApplyImplicitVersions"
       Done executing task "ApplyImplicitVersions".
     2>Done building target "ApplyImplicitVersions" in project "SoundBar.csproj".
       Target "CheckForImplicitPackageReferenceOverrides" skipped. Previously built successfully.
     2>Target "AddWindowsSdkKnownFrameworkReferences" in file "C:\Program Files\dotnet\sdk\10.0.301\Sdks\Microsoft.NET.Sdk\targets\Microsoft.NET.Sdk.FrameworkReferenceResolution.targets" from project "C:\Personal Projects\SoundBar\SoundBar.csproj" (target "ProcessFrameworkReferences" depends on it):
       Using "CreateWindowsSdkKnownFrameworkReferences" task from assembly "C:\Program Files\dotnet\sdk\10.0.301\Sdks\Microsoft.NET.Sdk\targets\..\tools\net10.0\Microsoft.NET.Build.Tasks.dll".
       Task "CreateWindowsSdkKnownFrameworkReferences"
       Done executing task "CreateWindowsSdkKnownFrameworkReferences".
     2>Done building target "AddWindowsSdkKnownFrameworkReferences" in project "SoundBar.csproj".
     2>Target "_ComputeToolPackInputsToProcessFrameworkReferences" in file "C:\Program Files\dotnet\sdk\10.0.301\Sdks\Microsoft.NET.Sdk\targets\Microsoft.NET.Publish.targets" from project "C:\Personal Projects\SoundBar\SoundBar.csproj" (target "ProcessFrameworkReferences" depends on it):
     2>Done building target "_ComputeToolPackInputsToProcessFrameworkReferences" in project "SoundBar.csproj".
     2>Target "ProcessFrameworkReferences" in file "C:\Program Files\dotnet\sdk\10.0.301\Sdks\Microsoft.NET.Sdk\targets\Microsoft.NET.Sdk.FrameworkReferenceResolution.targets" from project "C:\Personal Projects\SoundBar\SoundBar.csproj" (target "CollectPackageReferences" depends on it):
       Using "CheckForDuplicateFrameworkReferences" task from assembly "C:\Program Files\dotnet\sdk\10.0.301\Sdks\Microsoft.NET.Sdk\targets\..\tools\net10.0\Microsoft.NET.Build.Tasks.dll".
       Task "CheckForDuplicateFrameworkReferences"
       Done executing task "CheckForDuplicateFrameworkReferences".
       Using "ProcessFrameworkReferences" task from assembly "C:\Program Files\dotnet\sdk\10.0.301\Sdks\Microsoft.NET.Sdk\targets\..\tools\net10.0\Microsoft.NET.Build.Tasks.dll".
       Task "ProcessFrameworkReferences"
         Found 2 known framework references for target framework .NETCoreApp
         Found 6 known runtime packs for target framework .NETCoreApp
         Selected Microsoft.NETCore.App with RIDs 'linux-arm;linux-arm64;linux-musl-arm64;linux-musl-x64;linux-x64;osx-x64;tizen.4.0.0-armel;tizen.5.0.0-armel;win-arm64;win-x64;win-x86;linux-musl-arm;osx-arm64;linux-s390x;linux-loongarch64;linux-bionic-arm;linux-bionic-arm64;linux-bionic-x64;linux-bionic-x86;linux-ppc64le;freebsd-x64;freebsd-arm64;linux-riscv64;linux-musl-riscv64;linux-musl-loongarch64;android-arm64;android-x64'
         Selected targeting pack 'Microsoft.NETCore.App@10.0.9'
         Finding best RID match for pack Microsoft.NETCore.App@10.0.9 for target RID 'win-x86' from 'linux-arm;linux-arm64;linux-musl-arm64;linux-musl-x64;linux-x64;osx-x64;tizen.4.0.0-armel;tizen.5.0.0-armel;win-arm64;win-x64;win-x86;linux-musl-arm;osx-arm64;linux-s390x;linux-loongarch64;linux-bionic-arm;linux-bionic-arm64;linux-bionic-x64;linux-bionic-x86;linux-ppc64le;freebsd-x64;freebsd-arm64;linux-riscv64;linux-musl-riscv64;linux-musl-loongarch64;android-arm64;android-x64' excluding ''
         Finding best RID match for pack Microsoft.NETCore.App@10.0.9 for target RID 'win-x64' from 'linux-arm;linux-arm64;linux-musl-arm64;linux-musl-x64;linux-x64;osx-x64;tizen.4.0.0-armel;tizen.5.0.0-armel;win-arm64;win-x64;win-x86;linux-musl-arm;osx-arm64;linux-s390x;linux-loongarch64;linux-bionic-arm;linux-bionic-arm64;linux-bionic-x64;linux-bionic-x86;linux-ppc64le;freebsd-x64;freebsd-arm64;linux-riscv64;linux-musl-riscv64;linux-musl-loongarch64;android-arm64;android-x64' excluding ''
         Finding best RID match for pack Microsoft.NETCore.App@10.0.9 for target RID 'win-arm64' from 'linux-arm;linux-arm64;linux-musl-arm64;linux-musl-x64;linux-x64;osx-x64;tizen.4.0.0-armel;tizen.5.0.0-armel;win-arm64;win-x64;win-x86;linux-musl-arm;osx-arm64;linux-s390x;linux-loongarch64;linux-bionic-arm;linux-bionic-arm64;linux-bionic-x64;linux-bionic-x86;linux-ppc64le;freebsd-x64;freebsd-arm64;linux-riscv64;linux-musl-riscv64;linux-musl-loongarch64;android-arm64;android-x64' excluding ''
         Added runtime framework 'Microsoft.NETCore.App@10.0.0'
         Selected Microsoft.WindowsDesktop.App with RIDs 'win-x64;win-x86;win-arm64'
         Selected targeting pack 'Microsoft.WindowsDesktop.App@10.0.9'
         Finding best RID match for pack Microsoft.WindowsDesktop.App@10.0.9 for target RID 'win-x86' from 'win-x64;win-x86;win-arm64' excluding ''
         Finding best RID match for pack Microsoft.WindowsDesktop.App@10.0.9 for target RID 'win-x64' from 'win-x64;win-x86;win-arm64' excluding ''
         Finding best RID match for pack Microsoft.WindowsDesktop.App@10.0.9 for target RID 'win-arm64' from 'win-x64;win-x86;win-arm64' excluding ''
         Added runtime framework 'Microsoft.WindowsDesktop.App@10.0.0'
         Selected Microsoft.WindowsDesktop.App with RIDs 'win-x64;win-x86;win-arm64'
         Selected targeting pack 'Microsoft.WindowsDesktop.App.WPF@10.0.9'
         Finding best RID match for pack Microsoft.WindowsDesktop.App.WPF@10.0.9 for target RID 'win-x86' from 'win-x64;win-x86;win-arm64' excluding ''
         Finding best RID match for pack Microsoft.WindowsDesktop.App.WPF@10.0.9 for target RID 'win-x64' from 'win-x64;win-x86;win-arm64' excluding ''
         Finding best RID match for pack Microsoft.WindowsDesktop.App.WPF@10.0.9 for target RID 'win-arm64' from 'win-x64;win-x86;win-arm64' excluding ''
         Added runtime framework 'Microsoft.WindowsDesktop.App@10.0.0'
         Selected Microsoft.WindowsDesktop.App with RIDs 'win-x64;win-x86;win-arm64'
         Selected targeting pack 'Microsoft.WindowsDesktop.App.WindowsForms@10.0.9'
         Finding best RID match for pack Microsoft.WindowsDesktop.App.WindowsForms@10.0.9 for target RID 'win-x86' from 'win-x64;win-x86;win-arm64' excluding ''
         Finding best RID match for pack Microsoft.WindowsDesktop.App.WindowsForms@10.0.9 for target RID 'win-x64' from 'win-x64;win-x86;win-arm64' excluding ''
         Finding best RID match for pack Microsoft.WindowsDesktop.App.WindowsForms@10.0.9 for target RID 'win-arm64' from 'win-x64;win-x86;win-arm64' excluding ''
         Added runtime framework 'Microsoft.WindowsDesktop.App@10.0.0'
         Selected Microsoft.AspNetCore.App with RIDs 'win-x64;win-x86;osx-x64;linux-musl-x64;linux-musl-arm64;linux-x64;linux-arm;linux-arm64;linux-musl-arm;win-arm64;osx-arm64;linux-s390x;linux-loongarch64;linux-ppc64le;freebsd-x64;freebsd-arm64;linux-riscv64;linux-musl-riscv64;linux-loongarch64;linux-musl-loongarch64'
         Selected targeting pack 'Microsoft.AspNetCore.App@10.0.9'
         Finding best RID match for pack Microsoft.AspNetCore.App@10.0.9 for target RID 'win-x86' from 'win-x64;win-x86;osx-x64;linux-musl-x64;linux-musl-arm64;linux-x64;linux-arm;linux-arm64;linux-musl-arm;win-arm64;osx-arm64;linux-s390x;linux-loongarch64;linux-ppc64le;freebsd-x64;freebsd-arm64;linux-riscv64;linux-musl-riscv64;linux-loongarch64;linux-musl-loongarch64' excluding 'android;linux-bionic'
         Finding best RID match for pack Microsoft.AspNetCore.App@10.0.9 for target RID 'win-x64' from 'win-x64;win-x86;osx-x64;linux-musl-x64;linux-musl-arm64;linux-x64;linux-arm;linux-arm64;linux-musl-arm;win-arm64;osx-arm64;linux-s390x;linux-loongarch64;linux-ppc64le;freebsd-x64;freebsd-arm64;linux-riscv64;linux-musl-riscv64;linux-loongarch64;linux-musl-loongarch64' excluding 'android;linux-bionic'
         Finding best RID match for pack Microsoft.AspNetCore.App@10.0.9 for target RID 'win-arm64' from 'win-x64;win-x86;osx-x64;linux-musl-x64;linux-musl-arm64;linux-x64;linux-arm;linux-arm64;linux-musl-arm;win-arm64;osx-arm64;linux-s390x;linux-loongarch64;linux-ppc64le;freebsd-x64;freebsd-arm64;linux-riscv64;linux-musl-riscv64;linux-loongarch64;linux-musl-loongarch64' excluding 'android;linux-bionic'
         Added runtime framework 'Microsoft.AspNetCore.App@10.0.0'
         Selected Microsoft.Windows.SDK.NET.Ref with RIDs 'any'
         Selected targeting pack 'Microsoft.Windows.SDK.NET.Ref@10.0.19041.57'
         Finding best RID match for pack Microsoft.Windows.SDK.NET.Ref@10.0.19041.57 for target RID 'any' from 'any' excluding ''
         Finding best RID match for pack Microsoft.Windows.SDK.NET.Ref@10.0.19041.57 for target RID 'win-x86' from 'any' excluding ''
         Finding best RID match for pack Microsoft.Windows.SDK.NET.Ref@10.0.19041.57 for target RID 'win-x64' from 'any' excluding ''
         Finding best RID match for pack Microsoft.Windows.SDK.NET.Ref@10.0.19041.57 for target RID 'win-arm64' from 'any' excluding ''
         Selected Microsoft.Windows.SDK.NET.Ref with RIDs 'any'
         Selected targeting pack 'Microsoft.Windows.SDK.NET.Ref.Windows@10.0.19041.57'
         Finding best RID match for pack Microsoft.Windows.SDK.NET.Ref.Windows@10.0.19041.57 for target RID 'any' from 'any' excluding ''
         Finding best RID match for pack Microsoft.Windows.SDK.NET.Ref.Windows@10.0.19041.57 for target RID 'win-x86' from 'any' excluding ''
         Finding best RID match for pack Microsoft.Windows.SDK.NET.Ref.Windows@10.0.19041.57 for target RID 'win-x64' from 'any' excluding ''
         Finding best RID match for pack Microsoft.Windows.SDK.NET.Ref.Windows@10.0.19041.57 for target RID 'win-arm64' from 'any' excluding ''
         Selected Microsoft.Windows.SDK.NET.Ref with RIDs 'any'
         Selected targeting pack 'Microsoft.Windows.SDK.NET.Ref.Xaml@10.0.19041.57'
         Finding best RID match for pack Microsoft.Windows.SDK.NET.Ref.Xaml@10.0.19041.57 for target RID 'any' from 'any' excluding ''
         Finding best RID match for pack Microsoft.Windows.SDK.NET.Ref.Xaml@10.0.19041.57 for target RID 'win-x86' from 'any' excluding ''
         Finding best RID match for pack Microsoft.Windows.SDK.NET.Ref.Xaml@10.0.19041.57 for target RID 'win-x64' from 'any' excluding ''
         Finding best RID match for pack Microsoft.Windows.SDK.NET.Ref.Xaml@10.0.19041.57 for target RID 'win-arm64' from 'any' excluding ''
         Selected Microsoft.Windows.SDK.NET.Ref with RIDs 'any'
         Selected targeting pack 'Microsoft.Windows.SDK.NET.Ref.CsWinRT3.Windows@10.0.19041.57'
         Finding best RID match for pack Microsoft.Windows.SDK.NET.Ref.CsWinRT3.Windows@10.0.19041.57 for target RID 'any' from 'any' excluding ''
         Finding best RID match for pack Microsoft.Windows.SDK.NET.Ref.CsWinRT3.Windows@10.0.19041.57 for target RID 'win-x86' from 'any' excluding ''
         Finding best RID match for pack Microsoft.Windows.SDK.NET.Ref.CsWinRT3.Windows@10.0.19041.57 for target RID 'win-x64' from 'any' excluding ''
         Finding best RID match for pack Microsoft.Windows.SDK.NET.Ref.CsWinRT3.Windows@10.0.19041.57 for target RID 'win-arm64' from 'any' excluding ''
         Selected Microsoft.Windows.SDK.NET.Ref with RIDs 'any'
         Selected targeting pack 'Microsoft.Windows.SDK.NET.Ref.CsWinRT3.Xaml@10.0.19041.57'
         Finding best RID match for pack Microsoft.Windows.SDK.NET.Ref.CsWinRT3.Xaml@10.0.19041.57 for target RID 'any' from 'any' excluding ''
         Finding best RID match for pack Microsoft.Windows.SDK.NET.Ref.CsWinRT3.Xaml@10.0.19041.57 for target RID 'win-x86' from 'any' excluding ''
         Finding best RID match for pack Microsoft.Windows.SDK.NET.Ref.CsWinRT3.Xaml@10.0.19041.57 for target RID 'win-x64' from 'any' excluding ''
         Finding best RID match for pack Microsoft.Windows.SDK.NET.Ref.CsWinRT3.Xaml@10.0.19041.57 for target RID 'win-arm64' from 'any' excluding ''
       Done executing task "ProcessFrameworkReferences".
       Using "ResolveAppHosts" task from assembly "C:\Program Files\dotnet\sdk\10.0.301\Sdks\Microsoft.NET.Sdk\targets\..\tools\net10.0\Microsoft.NET.Build.Tasks.dll".
       Task "ResolveAppHosts"
       Done executing task "ResolveAppHosts".
     2>Done building target "ProcessFrameworkReferences" in project "SoundBar.csproj".
     2>Target "_CheckForObsoleteDotNetCliToolReferences" in file "C:\Program Files\dotnet\sdk\10.0.301\Sdks\Microsoft.NET.Sdk\targets\Microsoft.NET.ObsoleteReferences.targets" from project "C:\Personal Projects\SoundBar\SoundBar.csproj" (target "CollectPackageReferences" depends on it):
     2>Done building target "_CheckForObsoleteDotNetCliToolReferences" in project "SoundBar.csproj".
     2>Target "CollectPackageReferences" in file "C:\Program Files\dotnet\sdk\10.0.301\NuGet.targets" from project "C:\Personal Projects\SoundBar\SoundBar.csproj" (target "_GetRestoreProjectStyle" depends on it):
       Assembly loaded during TaskRun: NuGet.Build.Tasks, Version=7.6.0.0, Culture=neutral, PublicKeyToken=31bf3856ad364e35 (location: C:\Program Files\dotnet\sdk\10.0.301\NuGet.Build.Tasks.dll, MVID: 1c089cef-a1a4-43dc-9d62-b837faefd103, AssemblyLoadContext: MSBuild plugin C:\Program Files\dotnet\sdk\10.0.301\NuGet.Build.Tasks.dll)
       Assembly loaded during TaskRun: NuGet.Common, Version=7.6.0.0, Culture=neutral, PublicKeyToken=31bf3856ad364e35 (location: C:\Program Files\dotnet\sdk\10.0.301\NuGet.Common.dll, MVID: 53441cde-b7f3-4aae-afad-7f9b356c0065, AssemblyLoadContext: MSBuild plugin C:\Program Files\dotnet\sdk\10.0.301\NuGet.Build.Tasks.dll)
       Assembly loaded during TaskRun: NuGet.Commands, Version=7.6.0.0, Culture=neutral, PublicKeyToken=31bf3856ad364e35 (location: C:\Program Files\dotnet\sdk\10.0.301\NuGet.Commands.dll, MVID: 2302114f-403d-4bfa-b635-3b465e2aebfc, AssemblyLoadContext: MSBuild plugin C:\Program Files\dotnet\sdk\10.0.301\NuGet.Build.Tasks.dll)
       Assembly loaded during TaskRun: NuGet.ProjectModel, Version=7.6.0.0, Culture=neutral, PublicKeyToken=31bf3856ad364e35 (location: C:\Program Files\dotnet\sdk\10.0.301\NuGet.ProjectModel.dll, MVID: 550796bb-cbe4-4dd4-b3ff-72635ea0e11e, AssemblyLoadContext: MSBuild plugin C:\Program Files\dotnet\sdk\10.0.301\NuGet.Build.Tasks.dll)
       Using "CheckForDuplicateNuGetItemsTask" task from assembly "C:\Program Files\dotnet\sdk\10.0.301\NuGet.Build.Tasks.dll".
       Task "CheckForDuplicateNuGetItemsTask"
       Done executing task "CheckForDuplicateNuGetItemsTask".
     2>Done building target "CollectPackageReferences" in project "SoundBar.csproj".
     2>Target "_GetRestoreProjectStyle" in file "C:\Program Files\dotnet\sdk\10.0.301\NuGet.targets" from project "C:\Personal Projects\SoundBar\SoundBar.csproj" (target "EnableIntermediateOutputPathMismatchWarning" depends on it):
       Using "GetRestoreProjectStyleTask" task from assembly "C:\Program Files\dotnet\sdk\10.0.301\NuGet.Build.Tasks.dll".
       Task "GetRestoreProjectStyleTask"
       Done executing task "GetRestoreProjectStyleTask".
     2>Done building target "_GetRestoreProjectStyle" in project "SoundBar.csproj".
     2>Target "EnableIntermediateOutputPathMismatchWarning" in file "C:\Program Files\dotnet\sdk\10.0.301\NuGet.targets" from project "C:\Personal Projects\SoundBar\SoundBar.csproj" (target "_CheckForInvalidConfigurationAndPlatform" depends on it):
     2>Done building target "EnableIntermediateOutputPathMismatchWarning" in project "SoundBar.csproj".
     2>Target "CheckForDuplicateItems" in file "C:\Program Files\dotnet\sdk\10.0.301\Sdks\Microsoft.NET.Sdk\targets\Microsoft.NET.Sdk.DefaultItems.Shared.targets" from project "C:\Personal Projects\SoundBar\SoundBar.csproj" (target "CheckForDuplicatePageItems" depends on it):
       Using "CheckForDuplicateItems" task from assembly "C:\Program Files\dotnet\sdk\10.0.301\Sdks\Microsoft.NET.Sdk\targets\..\tools\net10.0\Microsoft.NET.Build.Tasks.dll".
       Task "CheckForDuplicateItems"
       Done executing task "CheckForDuplicateItems".
       Task "CheckForDuplicateItems"
       Done executing task "CheckForDuplicateItems".
       Task "CheckForDuplicateItems"
       Done executing task "CheckForDuplicateItems".
     2>Done building target "CheckForDuplicateItems" in project "SoundBar.csproj".
     2>Target "CheckForDuplicatePageItems" in file "C:\Users\UKGC\.nuget\packages\microsoft.windowsappsdk\1.4.231008000\buildTransitive\Microsoft.WinUI.targets" from project "C:\Personal Projects\SoundBar\SoundBar.csproj" (target "_CheckForInvalidConfigurationAndPlatform" depends on it):
       Task "CheckForDuplicateItems"
       Done executing task "CheckForDuplicateItems".
     2>Done building target "CheckForDuplicatePageItems" in project "SoundBar.csproj".
       Target "ApplyImplicitVersions" skipped. Previously built successfully.
       Target "CheckForImplicitPackageReferenceOverrides" skipped. Previously built successfully.
       Target "CheckForDuplicateItems" skipped. Previously built successfully.
       Target "ProcessFrameworkReferences" skipped. Previously built successfully.
     2>Target "_CheckForInvalidConfigurationAndPlatform" in file "C:\Program Files\dotnet\sdk\10.0.301\Microsoft.Common.CurrentVersion.targets" from project "C:\Personal Projects\SoundBar\SoundBar.csproj" (target "BeforeBuild" depends on it):
       Using "Message" task from assembly "Microsoft.Build.Tasks.Core, Version=15.1.0.0, Culture=neutral, PublicKeyToken=b03f5f7f11d50a3a".
       Task "Message"
         Configuration=Debug
       Done executing task "Message".
       Task "Message"
         Platform=AnyCPU
       Done executing task "Message".
     2>Done building target "_CheckForInvalidConfigurationAndPlatform" in project "SoundBar.csproj".
     2>Target "ValidateCommandLineProperties" in file "C:\Program Files\dotnet\sdk\10.0.301\Sdks\Microsoft.NET.Sdk\targets\Microsoft.NET.Sdk.targets" from project "C:\Personal Projects\SoundBar\SoundBar.csproj" (target "BeforeBuild" depends on it):
     2>Done building target "ValidateCommandLineProperties" in project "SoundBar.csproj".
     2>Target "BeforeBuild" in file "C:\Program Files\dotnet\sdk\10.0.301\Microsoft.Common.CurrentVersion.targets" from project "C:\Personal Projects\SoundBar\SoundBar.csproj" (target "Build" depends on it):
     2>Done building target "BeforeBuild" in project "SoundBar.csproj".
     2>Target "BuildOnlySettings" in file "C:\Program Files\dotnet\sdk\10.0.301\Microsoft.Common.CurrentVersion.targets" from project "C:\Personal Projects\SoundBar\SoundBar.csproj" (target "CoreBuild" depends on it):
       C:\Program Files\dotnet\sdk\10.0.301\Microsoft.Common.CurrentVersion.targets(1168,7): message : Property reassignment: $(BuildingProject)="true" (previous value: "false") at C:\Program Files\dotnet\sdk\10.0.301\Microsoft.Common.CurrentVersion.targets (1168,7) [C:\Personal Projects\SoundBar\SoundBar.csproj]
     2>Done building target "BuildOnlySettings" in project "SoundBar.csproj".
     2>Target "GetFrameworkPaths" in file "C:\Program Files\dotnet\sdk\10.0.301\Sdks\Microsoft.NET.Sdk\targets\Microsoft.NET.DisableStandardFrameworkResolution.targets" from project "C:\Personal Projects\SoundBar\SoundBar.csproj" (target "PrepareForBuild" depends on it):
     2>Done building target "GetFrameworkPaths" in project "SoundBar.csproj".
     2>Target "GetReferenceAssemblyPaths" in file "C:\Program Files\dotnet\sdk\10.0.301\Sdks\Microsoft.NET.Sdk\targets\Microsoft.NET.DisableStandardFrameworkResolution.targets" from project "C:\Personal Projects\SoundBar\SoundBar.csproj" (target "PrepareForBuild" depends on it):
     2>Done building target "GetReferenceAssemblyPaths" in project "SoundBar.csproj".
     2>Target "PrepareForBuild" in file "C:\Program Files\dotnet\sdk\10.0.301\Microsoft.Common.CurrentVersion.targets" from project "C:\Personal Projects\SoundBar\SoundBar.csproj" (target "CoreBuild" depends on it):
       Using "FindAppConfigFile" task from assembly "Microsoft.Build.Tasks.Core, Version=15.1.0.0, Culture=neutral, PublicKeyToken=b03f5f7f11d50a3a".
       Task "FindAppConfigFile"
       Done executing task "FindAppConfigFile".
       Using "MakeDir" task from assembly "Microsoft.Build.Tasks.Core, Version=15.1.0.0, Culture=neutral, PublicKeyToken=b03f5f7f11d50a3a".
       Task "MakeDir"
       Done executing task "MakeDir".
     2>Done building target "PrepareForBuild" in project "SoundBar.csproj".
     2>Target "GenerateTargetFrameworkDefineConstants" in file "C:\Program Files\dotnet\sdk\10.0.301\Sdks\Microsoft.NET.Sdk\targets\Microsoft.NET.Sdk.BeforeCommon.targets" from project "C:\Personal Projects\SoundBar\SoundBar.csproj" (target "AddImplicitDefineConstants" depends on it):
     2>Done building target "GenerateTargetFrameworkDefineConstants" in project "SoundBar.csproj".
     2>Target "GenerateTargetPlatformDefineConstants" in file "C:\Program Files\dotnet\sdk\10.0.301\Sdks\Microsoft.NET.Sdk\targets\Microsoft.NET.Sdk.BeforeCommon.targets" from project "C:\Personal Projects\SoundBar\SoundBar.csproj" (target "AddImplicitDefineConstants" depends on it):
     2>Done building target "GenerateTargetPlatformDefineConstants" in project "SoundBar.csproj".
     2>Target "GenerateNETCompatibleDefineConstants" in file "C:\Program Files\dotnet\sdk\10.0.301\Sdks\Microsoft.NET.Sdk\targets\Microsoft.NET.Sdk.BeforeCommon.targets" from project "C:\Personal Projects\SoundBar\SoundBar.csproj" (target "AddImplicitDefineConstants" depends on it):
     2>Done building target "GenerateNETCompatibleDefineConstants" in project "SoundBar.csproj".
     2>Target "GeneratePlatformCompatibleDefineConstants" in file "C:\Program Files\dotnet\sdk\10.0.301\Sdks\Microsoft.NET.Sdk\targets\Microsoft.NET.Sdk.BeforeCommon.targets" from project "C:\Personal Projects\SoundBar\SoundBar.csproj" (target "AddImplicitDefineConstants" depends on it):
     2>Done building target "GeneratePlatformCompatibleDefineConstants" in project "SoundBar.csproj".
     2>Target "AddImplicitDefineConstants" in file "C:\Program Files\dotnet\sdk\10.0.301\Sdks\Microsoft.NET.Sdk\targets\Microsoft.NET.Sdk.BeforeCommon.targets" from project "C:\Personal Projects\SoundBar\SoundBar.csproj" (target "CoreBuild" depends on it):
       C:\Program Files\dotnet\sdk\10.0.301\Sdks\Microsoft.NET.Sdk\targets\Microsoft.NET.Sdk.BeforeCommon.targets(295,7): message : Property reassignment: $(DefineConstants)="TRACE;MICROSOFT_WINDOWSAPPSDK_BOOTSTRAP_AUTO_INITIALIZE;DEBUG;NET;NET10_0;NETCOREAPP;WINDOWS;WINDOWS10_0_19041_0;NET5_0_OR_GREATER;NET6_0_OR_GREATER;NET7_0_OR_GREATER;NET8_0_OR_GREATER;NET9_0_OR_GREATER;NET10_0_OR_GREATER;NETCOREAPP1_0_OR_GREATER;NETCOREAPP1_1_OR_GREATER;NETCOREAPP2_0_OR_GREATER;NETCOREAPP2_1_OR_GREATER;NETCOREAPP2_2_OR_GREATER;NETCOREAPP3_0_OR_GREATER;NETCOREAPP3_1_OR_GREATER;WINDOWS10_0_19041_0_OR_GREATER;WINDOWS10_0_18362_0_OR_GREATER;WINDOWS10_0_17763_0_OR_GREATER;WINDOWS8_0_OR_GREATER;WINDOWS7_0_OR_GREATER" (previous value: "TRACE;MICROSOFT_WINDOWSAPPSDK_BOOTSTRAP_AUTO_INITIALIZE;DEBUG") at C:\Program Files\dotnet\sdk\10.0.301\Sdks\Microsoft.NET.Sdk\targets\Microsoft.NET.Sdk.BeforeCommon.targets (295,7) [C:\Personal Projects\SoundBar\SoundBar.csproj]
     2>Done building target "AddImplicitDefineConstants" in project "SoundBar.csproj".
     2>Target "GenerateGlobalUsings" in file "C:\Program Files\dotnet\sdk\10.0.301\Sdks\Microsoft.NET.Sdk\targets\Microsoft.NET.GenerateGlobalUsings.targets" from project "C:\Personal Projects\SoundBar\SoundBar.csproj" (target "CoreBuild" depends on it):
       Using "GenerateGlobalUsings" task from assembly "C:\Program Files\dotnet\sdk\10.0.301\Sdks\Microsoft.NET.Sdk\targets\..\tools\net10.0\Microsoft.NET.Build.Tasks.dll".
       Task "GenerateGlobalUsings"
       Done executing task "GenerateGlobalUsings".
       Using "WriteLinesToFile" task from assembly "Microsoft.Build.Tasks.Core, Version=15.1.0.0, Culture=neutral, PublicKeyToken=b03f5f7f11d50a3a".
       Task "WriteLinesToFile"
         Skipping write to file "obj\Debug\net10.0-windows10.0.19041.0\SoundBar.GlobalUsings.g.cs" because content would not change.
       Done executing task "WriteLinesToFile".
     2>Done building target "GenerateGlobalUsings" in project "SoundBar.csproj".
     2>Target "BeforeResolveReferences" in file "C:\Program Files\dotnet\sdk\10.0.301\Microsoft.Common.CurrentVersion.targets" from project "C:\Personal Projects\SoundBar\SoundBar.csproj" (target "ResolveReferences" depends on it):
     2>Done building target "BeforeResolveReferences" in project "SoundBar.csproj".
     2>Target "IgnoreJavaScriptOutputAssembly" in file "C:\Program Files\dotnet\sdk\10.0.301\Microsoft.Common.CurrentVersion.targets" from project "C:\Personal Projects\SoundBar\SoundBar.csproj" (target "AssignProjectConfiguration" depends on it):
     2>Done building target "IgnoreJavaScriptOutputAssembly" in project "SoundBar.csproj".
       Target "ProcessFrameworkReferences" skipped. Previously built successfully.
     2>Target "_DefaultMicrosoftNETPlatformLibrary" in file "C:\Program Files\dotnet\sdk\10.0.301\Sdks\Microsoft.NET.Sdk\targets\Microsoft.NET.Sdk.Shared.targets" from project "C:\Personal Projects\SoundBar\SoundBar.csproj" (target "ResolvePackageAssets" depends on it):
     2>Done building target "_DefaultMicrosoftNETPlatformLibrary" in project "SoundBar.csproj".
     2>Target "_ComputePackageReferencePublish" in file "C:\Program Files\dotnet\sdk\10.0.301\Sdks\Microsoft.NET.Sdk\targets\Microsoft.NET.Sdk.Shared.targets" from project "C:\Personal Projects\SoundBar\SoundBar.csproj" (target "ResolvePackageAssets" depends on it):
     2>Done building target "_ComputePackageReferencePublish" in project "SoundBar.csproj".
     2>Target "ResolvePackageAssets" in file "C:\Program Files\dotnet\sdk\10.0.301\Sdks\Microsoft.NET.Sdk\targets\Microsoft.PackageDependencyResolution.targets" from project "C:\Personal Projects\SoundBar\SoundBar.csproj" (target "ResolveLockFileReferences" depends on it):
       Using "ResolvePackageAssets" task from assembly "C:\Program Files\dotnet\sdk\10.0.301\Sdks\Microsoft.NET.Sdk\targets\..\tools\net10.0\Microsoft.NET.Build.Tasks.dll".
       Task "ResolvePackageAssets"
       Done executing task "ResolvePackageAssets".
     2>Done building target "ResolvePackageAssets" in project "SoundBar.csproj".
     2>Target "_UpdateMuiFilesAfterNugetRestore" in file "C:\Users\UKGC\.nuget\packages\microsoft.windowsappsdk\1.4.231008000\buildTransitive\Microsoft.WinUI.AppX.targets" from project "C:\Personal Projects\SoundBar\SoundBar.csproj" (target "ResolveLockFileReferences" depends on it):
     2>Done building target "_UpdateMuiFilesAfterNugetRestore" in project "SoundBar.csproj".
     2>Target "ResolveLockFileReferences" in file "C:\Program Files\dotnet\sdk\10.0.301\Sdks\Microsoft.NET.Sdk\targets\Microsoft.PackageDependencyResolution.targets" from project "C:\Personal Projects\SoundBar\SoundBar.csproj" (target "ResolvePackageDependenciesForBuild" depends on it):
       Using "JoinItems" task from assembly "C:\Program Files\dotnet\sdk\10.0.301\Sdks\Microsoft.NET.Sdk\targets\..\tools\net10.0\Microsoft.NET.Build.Tasks.dll".
       Task "JoinItems"
       Done executing task "JoinItems".
     2>Done building target "ResolveLockFileReferences" in project "SoundBar.csproj".
       Target "ResolvePackageAssets" skipped. Previously built successfully.
     2>Target "ResolveLockFileAnalyzers" in file "C:\Program Files\dotnet\sdk\10.0.301\Sdks\Microsoft.NET.Sdk\targets\Microsoft.PackageDependencyResolution.targets" from project "C:\Personal Projects\SoundBar\SoundBar.csproj" (target "ResolvePackageDependenciesForBuild" depends on it):
     2>Done building target "ResolveLockFileAnalyzers" in project "SoundBar.csproj".
       Target "ResolvePackageAssets" skipped. Previously built successfully.
     2>Target "ResolveLockFileCopyLocalFiles" in file "C:\Program Files\dotnet\sdk\10.0.301\Sdks\Microsoft.NET.Sdk\targets\Microsoft.PackageDependencyResolution.targets" from project "C:\Personal Projects\SoundBar\SoundBar.csproj" (target "ResolvePackageDependenciesForBuild" depends on it):
     2>Done building target "ResolveLockFileCopyLocalFiles" in project "SoundBar.csproj".
       Target "ProcessFrameworkReferences" skipped. Previously built successfully.
       Target "ResolvePackageAssets" skipped. Previously built successfully.
     2>Target "ResolveFrameworkReferences" in file "C:\Program Files\dotnet\sdk\10.0.301\Sdks\Microsoft.NET.Sdk\targets\Microsoft.NET.Sdk.FrameworkReferenceResolution.targets" from project "C:\Personal Projects\SoundBar\SoundBar.csproj" (target "ResolveRuntimePackAssets" depends on it):
       Using "GetPackageDirectory" task from assembly "C:\Program Files\dotnet\sdk\10.0.301\Sdks\Microsoft.NET.Sdk\targets\..\tools\net10.0\Microsoft.NET.Build.Tasks.dll".
       Task "GetPackageDirectory"
       Done executing task "GetPackageDirectory".
       Task "GetPackageDirectory"
       Done executing task "GetPackageDirectory".
       Task "GetPackageDirectory"
       Done executing task "GetPackageDirectory".
       Task "GetPackageDirectory"
       Done executing task "GetPackageDirectory".
       Task "GetPackageDirectory"
       Done executing task "GetPackageDirectory".
       Task "GetPackageDirectory"
       Done executing task "GetPackageDirectory".
       Task "GetPackageDirectory"
       Done executing task "GetPackageDirectory".
       Task "GetPackageDirectory"
       Done executing task "GetPackageDirectory".
       Task "GetPackageDirectory"
       Done executing task "GetPackageDirectory".
       Task "GetPackageDirectory"
       Done executing task "GetPackageDirectory".
       Using "ResolveFrameworkReferences" task from assembly "C:\Program Files\dotnet\sdk\10.0.301\Sdks\Microsoft.NET.Sdk\targets\..\tools\net10.0\Microsoft.NET.Build.Tasks.dll".
       Task "ResolveFrameworkReferences"
       Done executing task "ResolveFrameworkReferences".
     2>Done building target "ResolveFrameworkReferences" in project "SoundBar.csproj".
     2>Target "ResolveRuntimePackAssets" in file "C:\Program Files\dotnet\sdk\10.0.301\Sdks\Microsoft.NET.Sdk\targets\Microsoft.NET.Sdk.FrameworkReferenceResolution.targets" from project "C:\Personal Projects\SoundBar\SoundBar.csproj" (target "ResolvePackageDependenciesForBuild" depends on it):
       Using "ResolveRuntimePackAssets" task from assembly "C:\Program Files\dotnet\sdk\10.0.301\Sdks\Microsoft.NET.Sdk\targets\..\tools\net10.0\Microsoft.NET.Build.Tasks.dll".
       Task "ResolveRuntimePackAssets"
       Done executing task "ResolveRuntimePackAssets".
     2>Done building target "ResolveRuntimePackAssets" in project "SoundBar.csproj".
       Target "ResolvePackageAssets" skipped. Previously built successfully.
     2>Target "IncludeTransitiveProjectReferences" in file "C:\Program Files\dotnet\sdk\10.0.301\Sdks\Microsoft.NET.Sdk\targets\Microsoft.PackageDependencyResolution.targets" from project "C:\Personal Projects\SoundBar\SoundBar.csproj" (target "ResolvePackageDependenciesForBuild" depends on it):
     2>Done building target "IncludeTransitiveProjectReferences" in project "SoundBar.csproj".
     2>Target "ResolvePackageDependenciesForBuild" in file "C:\Program Files\dotnet\sdk\10.0.301\Sdks\Microsoft.NET.Sdk\targets\Microsoft.PackageDependencyResolution.targets" from project "C:\Personal Projects\SoundBar\SoundBar.csproj" (target "AssignProjectConfiguration" depends on it):
     2>Done building target "ResolvePackageDependenciesForBuild" in project "SoundBar.csproj".
     2>Target "AssignProjectConfiguration" in file "C:\Program Files\dotnet\sdk\10.0.301\Microsoft.Common.CurrentVersion.targets" from project "C:\Personal Projects\SoundBar\SoundBar.csproj" (target "ResolveReferences" depends on it):
       Using "AssignProjectConfiguration" task from assembly "Microsoft.Build.Tasks.Core, Version=15.1.0.0, Culture=neutral, PublicKeyToken=b03f5f7f11d50a3a".
       Task "AssignProjectConfiguration"
       Done executing task "AssignProjectConfiguration".
     2>Done building target "AssignProjectConfiguration" in project "SoundBar.csproj".
       Target "AssignProjectConfiguration" skipped. Previously built successfully.
     2>Target "_SplitProjectReferencesByFileExistence" in file "C:\Program Files\dotnet\sdk\10.0.301\Microsoft.Common.CurrentVersion.targets" from project "C:\Personal Projects\SoundBar\SoundBar.csproj" (target "PrepareProjectReferences" depends on it):
     2>Done building target "_SplitProjectReferencesByFileExistence" in project "SoundBar.csproj".
     2>Target "_AddOutputPathToGlobalPropertiesToRemove" in file "C:\Program Files\dotnet\sdk\10.0.301\Microsoft.Common.CurrentVersion.targets" from project "C:\Personal Projects\SoundBar\SoundBar.csproj" (target "_GetProjectReferenceTargetFrameworkProperties" depends on it):
     2>Done building target "_AddOutputPathToGlobalPropertiesToRemove" in project "SoundBar.csproj".
     2>Target "_GetProjectReferenceTargetFrameworkProperties" in file "C:\Program Files\dotnet\sdk\10.0.301\Microsoft.Common.CurrentVersion.targets" from project "C:\Personal Projects\SoundBar\SoundBar.csproj" (target "PrepareProjectReferences" depends on it):
       Using "MSBuild" task from assembly "Microsoft.Build.Tasks.Core, Version=15.1.0.0, Culture=neutral, PublicKeyToken=b03f5f7f11d50a3a".
       Task "MSBuild"
       Done executing task "MSBuild".
       Using "SetRidAgnosticValueForProjects" task from assembly "Microsoft.Build.Tasks.Core, Version=15.1.0.0, Culture=neutral, PublicKeyToken=b03f5f7f11d50a3a".
       Task "SetRidAgnosticValueForProjects"
       Done executing task "SetRidAgnosticValueForProjects".
     2>Done building target "_GetProjectReferenceTargetFrameworkProperties" in project "SoundBar.csproj".
     2>Target "_CalculateIsVSTestTestProject" in file "C:\Program Files\dotnet\sdk\10.0.301\Sdks\Microsoft.NET.Sdk\targets\Microsoft.NET.Sdk.targets" from project "C:\Personal Projects\SoundBar\SoundBar.csproj" (target "ValidateExecutableReferences" depends on it):
     2>Done building target "_CalculateIsVSTestTestProject" in project "SoundBar.csproj".
     2>Target "ValidateExecutableReferences" in file "C:\Program Files\dotnet\sdk\10.0.301\Sdks\Microsoft.NET.Sdk\targets\Microsoft.NET.Sdk.targets" from project "C:\Personal Projects\SoundBar\SoundBar.csproj" (target "PrepareProjectReferences" depends on it):
       Using "ValidateExecutableReferences" task from assembly "C:\Program Files\dotnet\sdk\10.0.301\Sdks\Microsoft.NET.Sdk\targets\..\tools\net10.0\Microsoft.NET.Build.Tasks.dll".
       Task "ValidateExecutableReferences"
       Done executing task "ValidateExecutableReferences".
     2>Done building target "ValidateExecutableReferences" in project "SoundBar.csproj".
     2>Target "PrepareProjectReferences" in file "C:\Program Files\dotnet\sdk\10.0.301\Microsoft.Common.CurrentVersion.targets" from project "C:\Personal Projects\SoundBar\SoundBar.csproj" (target "ResolveProjectReferences" depends on it):
     2>Done building target "PrepareProjectReferences" in project "SoundBar.csproj".
     2>Target "ResolveProjectReferences" in file "C:\Program Files\dotnet\sdk\10.0.301\Microsoft.Common.CurrentVersion.targets" from project "C:\Personal Projects\SoundBar\SoundBar.csproj" (target "ResolveReferences" depends on it):
     2>Done building target "ResolveProjectReferences" in project "SoundBar.csproj".
     2>Target "RemoveManagedWinRTComponentWinMDReferences" in file "C:\Program Files\dotnet\sdk\10.0.301\Sdks\Microsoft.NET.Sdk\targets\Microsoft.NET.Windows.targets" from project "C:\Personal Projects\SoundBar\SoundBar.csproj" (target "ResolveReferences" depends on it):
     2>Done building target "RemoveManagedWinRTComponentWinMDReferences" in project "SoundBar.csproj".
       Target "PrepareProjectReferences" skipped. Previously built successfully.
     2>Target "GetReferenceTargetPlatformMonikers" in file "C:\Program Files\dotnet\sdk\10.0.301\Microsoft.Common.CurrentVersion.targets" from project "C:\Personal Projects\SoundBar\SoundBar.csproj" (target "FindInvalidProjectReferences" depends on it):
       Task "MSBuild"
       Done executing task "MSBuild".
     2>Done building target "GetReferenceTargetPlatformMonikers" in project "SoundBar.csproj".
     2>Target "FindInvalidProjectReferences" in file "C:\Program Files\dotnet\sdk\10.0.301\Microsoft.Common.CurrentVersion.targets" from project "C:\Personal Projects\SoundBar\SoundBar.csproj" (target "ResolveReferences" depends on it):
       Using "FindInvalidProjectReferences" task from assembly "Microsoft.Build.Tasks.Core, Version=15.1.0.0, Culture=neutral, PublicKeyToken=b03f5f7f11d50a3a".
       Task "FindInvalidProjectReferences"
       Done executing task "FindInvalidProjectReferences".
     2>Done building target "FindInvalidProjectReferences" in project "SoundBar.csproj".
       Target "ResolveProjectReferences" skipped. Previously built successfully.
       Target "FindInvalidProjectReferences" skipped. Previously built successfully.
       Target "GetFrameworkPaths" skipped. Previously built successfully.
       Target "GetReferenceAssemblyPaths" skipped. Previously built successfully.
       Target "PrepareForBuild" skipped. Previously built successfully.
     2>Target "ResolveSDKReferences" in file "C:\Program Files\dotnet\sdk\10.0.301\Microsoft.Common.CurrentVersion.targets" from project "C:\Personal Projects\SoundBar\SoundBar.csproj" (target "ResolveAssemblyReferences" depends on it):
     2>Done building target "ResolveSDKReferences" in project "SoundBar.csproj".
       Target "ResolveSDKReferences" skipped. Previously built successfully.
     2>Target "ExpandSDKReferences" in file "C:\Program Files\dotnet\sdk\10.0.301\Microsoft.Common.CurrentVersion.targets" from project "C:\Personal Projects\SoundBar\SoundBar.csproj" (target "ResolveAssemblyReferences" depends on it):
     2>Done building target "ExpandSDKReferences" in project "SoundBar.csproj".
       Target "ResolvePackageDependenciesForBuild" skipped. Previously built successfully.
       Target "GetFrameworkPaths" skipped. Previously built successfully.
       Target "GetReferenceAssemblyPaths" skipped. Previously built successfully.
       Target "ResolveFrameworkReferences" skipped. Previously built successfully.
     2>Target "ResolveTargetingPackAssets" in file "C:\Program Files\dotnet\sdk\10.0.301\Sdks\Microsoft.NET.Sdk\targets\Microsoft.NET.Sdk.FrameworkReferenceResolution.targets" from project "C:\Personal Projects\SoundBar\SoundBar.csproj" (target "_HandlePackageFileConflicts" depends on it):
       Using "ResolveTargetingPackAssets" task from assembly "C:\Program Files\dotnet\sdk\10.0.301\Sdks\Microsoft.NET.Sdk\targets\..\tools\net10.0\Microsoft.NET.Build.Tasks.dll".
       Task "ResolveTargetingPackAssets"
       Done executing task "ResolveTargetingPackAssets".
     2>Done building target "ResolveTargetingPackAssets" in project "SoundBar.csproj".
     2>Target "ResolveOffByDefaultAnalyzers" in file "C:\Program Files\dotnet\sdk\10.0.301\Sdks\Microsoft.NET.Sdk\targets\Microsoft.NET.Sdk.FrameworkReferenceResolution.targets" from project "C:\Personal Projects\SoundBar\SoundBar.csproj" (target "_HandlePackageFileConflicts" depends on it):
     2>Done building target "ResolveOffByDefaultAnalyzers" in project "SoundBar.csproj".
     2>Target "_HandlePackageFileConflicts" in file "C:\Program Files\dotnet\sdk\10.0.301\Sdks\Microsoft.NET.Sdk\targets\Microsoft.NET.ConflictResolution.targets" from project "C:\Personal Projects\SoundBar\SoundBar.csproj" (target "ResolveAssemblyReferences" depends on it):
       Using "ResolvePackageFileConflicts" task from assembly "C:\Program Files\dotnet\sdk\10.0.301\Sdks\Microsoft.NET.Sdk\targets\..\tools\net10.0\Microsoft.NET.Build.Tasks.dll".
       Task "ResolvePackageFileConflicts"
         Encountered conflict between 'Platform:mscorlib.dll' and 'Platform:mscorlib.dll'. Could not determine winner due to equal file and assembly versions.
         Encountered conflict between 'Platform:Microsoft.VisualBasic.dll' and 'Platform:Microsoft.VisualBasic.dll'. Could not determine winner due to equal file and assembly versions.
         Encountered conflict between 'Platform:System.dll' and 'Platform:System.dll'. Could not determine winner due to equal file and assembly versions.
         Encountered conflict between 'Platform:System.ComponentModel.DataAnnotations.dll' and 'Platform:System.ComponentModel.DataAnnotations.dll'. Could not determine winner due to equal file and assembly versions.
         Encountered conflict between 'Platform:System.Configuration.dll' and 'Platform:System.Configuration.dll'. Could not determine winner due to equal file and assembly versions.
         Encountered conflict between 'Platform:System.Core.dll' and 'Platform:System.Core.dll'. Could not determine winner due to equal file and assembly versions.
         Encountered conflict between 'Platform:System.Data.dll' and 'Platform:System.Data.dll'. Could not determine winner due to equal file and assembly versions.
         Encountered conflict between 'Platform:System.Drawing.dll' and 'Platform:System.Drawing.dll'. Could not determine winner due to equal file and assembly versions.
         Encountered conflict between 'Platform:System.IO.Compression.FileSystem.dll' and 'Platform:System.IO.Compression.FileSystem.dll'. Could not determine winner due to equal file and assembly versions.
         Encountered conflict between 'Platform:System.Net.dll' and 'Platform:System.Net.dll'. Could not determine winner due to equal file and assembly versions.
         Encountered conflict between 'Platform:System.Numerics.dll' and 'Platform:System.Numerics.dll'. Could not determine winner due to equal file and assembly versions.
         Encountered conflict between 'Platform:System.Runtime.Serialization.dll' and 'Platform:System.Runtime.Serialization.dll'. Could not determine winner due to equal file and assembly versions.
         Encountered conflict between 'Platform:System.Security.dll' and 'Platform:System.Security.dll'. Could not determine winner due to equal file and assembly versions.
         Encountered conflict between 'Platform:System.ServiceProcess.dll' and 'Platform:System.ServiceProcess.dll'. Could not determine winner due to equal file and assembly versions.
         Encountered conflict between 'Platform:System.ServiceModel.Web.dll' and 'Platform:System.ServiceModel.Web.dll'. Could not determine winner due to equal file and assembly versions.
         Encountered conflict between 'Platform:System.Transactions.dll' and 'Platform:System.Transactions.dll'. Could not determine winner due to equal file and assembly versions.
         Encountered conflict between 'Platform:System.Web.dll' and 'Platform:System.Web.dll'. Could not determine winner due to equal file and assembly versions.
         Encountered conflict between 'Platform:System.Windows.dll' and 'Platform:System.Windows.dll'. Could not determine winner due to equal file and assembly versions.
         Encountered conflict between 'Platform:System.Xml.dll' and 'Platform:System.Xml.dll'. Could not determine winner due to equal file and assembly versions.
         Encountered conflict between 'Platform:System.Xml.Serialization.dll' and 'Platform:System.Xml.Serialization.dll'. Could not determine winner due to equal file and assembly versions.
         Encountered conflict between 'Platform:System.Xml.Linq.dll' and 'Platform:System.Xml.Linq.dll'. Could not determine winner due to equal file and assembly versions.
         Encountered conflict between 'Platform:WindowsBase.dll' and 'Platform:WindowsBase.dll'. Could not determine winner due to equal file and assembly versions.
         Encountered conflict between 'Platform:netstandard.dll' and 'Platform:netstandard.dll'. Could not determine winner due to equal file and assembly versions.
         Encountered conflict between 'Platform:System.Private.CoreLib.dll' and 'Platform:System.Private.CoreLib.dll'. Could not determine winner due to equal file and assembly versions.
         Encountered conflict between 'Platform:System.Private.DataContractSerialization.dll' and 'Platform:System.Private.DataContractSerialization.dll'. Could not determine winner due to equal file and assembly versions.
         Encountered conflict between 'Platform:System.Private.Uri.dll' and 'Platform:System.Private.Uri.dll'. Could not determine winner due to equal file and assembly versions.
         Encountered conflict between 'Platform:System.Private.Xml.dll' and 'Platform:System.Private.Xml.dll'. Could not determine winner due to equal file and assembly versions.
         Encountered conflict between 'Platform:System.Private.Xml.Linq.dll' and 'Platform:System.Private.Xml.Linq.dll'. Could not determine winner due to equal file and assembly versions.
         Encountered conflict between 'Platform:mscordaccore_amd64_amd64_10.0.926.27113.dll' and 'Platform:mscordaccore_amd64_amd64_10.0.926.27113.dll'. Could not determine winner due to equal file and assembly versions.
       Done executing task "ResolvePackageFileConflicts".
     2>Done building target "_HandlePackageFileConflicts" in project "SoundBar.csproj".
       Target "ResolveTargetingPackAssets" skipped. Previously built successfully.
     2>Target "ResolveAssemblyReferences" in file "C:\Program Files\dotnet\sdk\10.0.301\Microsoft.Common.CurrentVersion.targets" from project "C:\Personal Projects\SoundBar\SoundBar.csproj" (target "ResolveReferences" depends on it):
       Using "ResolveAssemblyReference" task from assembly "Microsoft.Build.Tasks.Core, Version=15.1.0.0, Culture=neutral, PublicKeyToken=b03f5f7f11d50a3a".
       Task "ResolveAssemblyReference"
         TargetFrameworkMoniker:
             .NETCoreApp,Version=v10.0
         TargetFrameworkMonikerDisplayName:
             .NET 10.0
         TargetedRuntimeVersion:
             
         Assemblies:
             C:\Users\UKGC\.nuget\packages\cscore\1.2.1.2\lib\net35-client\CSCore.dll
                 Private = 'false'
                 HintPath = 'C:\Users\UKGC\.nuget\packages\cscore\1.2.1.2\lib\net35-client\CSCore.dll'
             C:\Users\UKGC\.nuget\packages\microsoft.windowsappsdk\1.4.231008000\lib\net6.0-windows10.0.18362.0\Microsoft.InteractiveExperiences.Projection.dll
                 Private = 'false'
                 HintPath = 'C:\Users\UKGC\.nuget\packages\microsoft.windowsappsdk\1.4.231008000\lib\net6.0-windows10.0.18362.0\Microsoft.InteractiveExperiences.Projection.dll'
             C:\Users\UKGC\.nuget\packages\microsoft.windowsappsdk\1.4.231008000\lib\net6.0-windows10.0.18362.0\Microsoft.WinUI.dll
                 Private = 'false'
                 HintPath = 'C:\Users\UKGC\.nuget\packages\microsoft.windowsappsdk\1.4.231008000\lib\net6.0-windows10.0.18362.0\Microsoft.WinUI.dll'
             C:\Users\UKGC\.nuget\packages\microsoft.windowsappsdk\1.4.231008000\lib\net6.0-windows10.0.18362.0\Microsoft.Windows.AppLifecycle.Projection.dll
                 Private = 'false'
                 HintPath = 'C:\Users\UKGC\.nuget\packages\microsoft.windowsappsdk\1.4.231008000\lib\net6.0-windows10.0.18362.0\Microsoft.Windows.AppLifecycle.Projection.dll'
             C:\Users\UKGC\.nuget\packages\microsoft.windowsappsdk\1.4.231008000\lib\net6.0-windows10.0.18362.0\Microsoft.Windows.AppNotifications.Builder.Projection.dll
                 Private = 'false'
                 HintPath = 'C:\Users\UKGC\.nuget\packages\microsoft.windowsappsdk\1.4.231008000\lib\net6.0-windows10.0.18362.0\Microsoft.Windows.AppNotifications.Builder.Projection.dll'
             C:\Users\UKGC\.nuget\packages\microsoft.windowsappsdk\1.4.231008000\lib\net6.0-windows10.0.18362.0\Microsoft.Windows.AppNotifications.Projection.dll
                 Private = 'false'
                 HintPath = 'C:\Users\UKGC\.nuget\packages\microsoft.windowsappsdk\1.4.231008000\lib\net6.0-windows10.0.18362.0\Microsoft.Windows.AppNotifications.Projection.dll'
             C:\Users\UKGC\.nuget\packages\microsoft.windowsappsdk\1.4.231008000\lib\net6.0-windows10.0.18362.0\Microsoft.Windows.ApplicationModel.DynamicDependency.Projection.dll
                 Private = 'false'
                 HintPath = 'C:\Users\UKGC\.nuget\packages\microsoft.windowsappsdk\1.4.231008000\lib\net6.0-windows10.0.18362.0\Microsoft.Windows.ApplicationModel.DynamicDependency.Projection.dll'
             C:\Users\UKGC\.nuget\packages\microsoft.windowsappsdk\1.4.231008000\lib\net6.0-windows10.0.18362.0\Microsoft.Windows.ApplicationModel.Resources.Projection.dll
                 Private = 'false'
                 HintPath = 'C:\Users\UKGC\.nuget\packages\microsoft.windowsappsdk\1.4.231008000\lib\net6.0-windows10.0.18362.0\Microsoft.Windows.ApplicationModel.Resources.Projection.dll'
             C:\Users\UKGC\.nuget\packages\microsoft.windowsappsdk\1.4.231008000\lib\net6.0-windows10.0.18362.0\Microsoft.Windows.ApplicationModel.WindowsAppRuntime.Projection.dll
                 Private = 'false'
                 HintPath = 'C:\Users\UKGC\.nuget\packages\microsoft.windowsappsdk\1.4.231008000\lib\net6.0-windows10.0.18362.0\Microsoft.Windows.ApplicationModel.WindowsAppRuntime.Projection.dll'
             C:\Users\UKGC\.nuget\packages\microsoft.windowsappsdk\1.4.231008000\lib\net6.0-windows10.0.18362.0\Microsoft.Windows.PushNotifications.Projection.dll
                 Private = 'false'
                 HintPath = 'C:\Users\UKGC\.nuget\packages\microsoft.windowsappsdk\1.4.231008000\lib\net6.0-windows10.0.18362.0\Microsoft.Windows.PushNotifications.Projection.dll'
             C:\Users\UKGC\.nuget\packages\microsoft.windowsappsdk\1.4.231008000\lib\net6.0-windows10.0.18362.0\Microsoft.Windows.Security.AccessControl.Projection.dll
                 Private = 'false'
                 HintPath = 'C:\Users\UKGC\.nuget\packages\microsoft.windowsappsdk\1.4.231008000\lib\net6.0-windows10.0.18362.0\Microsoft.Windows.Security.AccessControl.Projection.dll'
             C:\Users\UKGC\.nuget\packages\microsoft.windowsappsdk\1.4.231008000\lib\net6.0-windows10.0.18362.0\Microsoft.Windows.System.Power.Projection.dll
                 Private = 'false'
                 HintPath = 'C:\Users\UKGC\.nuget\packages\microsoft.windowsappsdk\1.4.231008000\lib\net6.0-windows10.0.18362.0\Microsoft.Windows.System.Power.Projection.dll'
             C:\Users\UKGC\.nuget\packages\microsoft.windowsappsdk\1.4.231008000\lib\net6.0-windows10.0.18362.0\Microsoft.Windows.System.Projection.dll
                 Private = 'false'
                 HintPath = 'C:\Users\UKGC\.nuget\packages\microsoft.windowsappsdk\1.4.231008000\lib\net6.0-windows10.0.18362.0\Microsoft.Windows.System.Projection.dll'
             C:\Users\UKGC\.nuget\packages\microsoft.windowsappsdk\1.4.231008000\lib\net6.0-windows10.0.18362.0\Microsoft.Windows.Widgets.Providers.Projection.dll
                 Private = 'false'
                 HintPath = 'C:\Users\UKGC\.nuget\packages\microsoft.windowsappsdk\1.4.231008000\lib\net6.0-windows10.0.18362.0\Microsoft.Windows.Widgets.Providers.Projection.dll'
             C:\Users\UKGC\.nuget\packages\microsoft.windowsappsdk\1.4.231008000\lib\net6.0-windows10.0.18362.0\Microsoft.WindowsAppRuntime.Bootstrap.Net.dll
                 Private = 'false'
                 HintPath = 'C:\Users\UKGC\.nuget\packages\microsoft.windowsappsdk\1.4.231008000\lib\net6.0-windows10.0.18362.0\Microsoft.WindowsAppRuntime.Bootstrap.Net.dll'
             C:\Program Files\dotnet\packs\Microsoft.NETCore.App.Ref\10.0.9\ref/net10.0/Microsoft.CSharp.dll
                 Private = 'false'
             C:\Program Files\dotnet\packs\Microsoft.NETCore.App.Ref\10.0.9\ref/net10.0/Microsoft.VisualBasic.Core.dll
                 Private = 'false'
             C:\Program Files\dotnet\packs\Microsoft.NETCore.App.Ref\10.0.9\ref/net10.0/Microsoft.VisualBasic.dll
                 Private = 'false'
             C:\Program Files\dotnet\packs\Microsoft.NETCore.App.Ref\10.0.9\ref/net10.0/Microsoft.Win32.Primitives.dll
                 Private = 'false'
             C:\Program Files\dotnet\packs\Microsoft.NETCore.App.Ref\10.0.9\ref/net10.0/Microsoft.Win32.Registry.dll
                 Private = 'false'
             C:\Program Files\dotnet\packs\Microsoft.NETCore.App.Ref\10.0.9\ref/net10.0/System.AppContext.dll
                 Private = 'false'
             C:\Program Files\dotnet\packs\Microsoft.NETCore.App.Ref\10.0.9\ref/net10.0/System.Buffers.dll
                 Private = 'false'
             C:\Program Files\dotnet\packs\Microsoft.NETCore.App.Ref\10.0.9\ref/net10.0/System.Collections.Concurrent.dll
                 Private = 'false'
             C:\Program Files\dotnet\packs\Microsoft.NETCore.App.Ref\10.0.9\ref/net10.0/System.Collections.Immutable.dll
                 Private = 'false'
             C:\Program Files\dotnet\packs\Microsoft.NETCore.App.Ref\10.0.9\ref/net10.0/System.Collections.NonGeneric.dll
                 Private = 'false'
             C:\Program Files\dotnet\packs\Microsoft.NETCore.App.Ref\10.0.9\ref/net10.0/System.Collections.Specialized.dll
                 Private = 'false'
             C:\Program Files\dotnet\packs\Microsoft.NETCore.App.Ref\10.0.9\ref/net10.0/System.Collections.dll
                 Private = 'false'
             C:\Program Files\dotnet\packs\Microsoft.NETCore.App.Ref\10.0.9\ref/net10.0/System.ComponentModel.Annotations.dll
                 Private = 'false'
             C:\Program Files\dotnet\packs\Microsoft.NETCore.App.Ref\10.0.9\ref/net10.0/System.ComponentModel.DataAnnotations.dll
                 Private = 'false'
             C:\Program Files\dotnet\packs\Microsoft.NETCore.App.Ref\10.0.9\ref/net10.0/System.ComponentModel.EventBasedAsync.dll
                 Private = 'false'
             C:\Program Files\dotnet\packs\Microsoft.NETCore.App.Ref\10.0.9\ref/net10.0/System.ComponentModel.Primitives.dll
                 Private = 'false'
             C:\Program Files\dotnet\packs\Microsoft.NETCore.App.Ref\10.0.9\ref/net10.0/System.ComponentModel.TypeConverter.dll
                 Private = 'false'
             C:\Program Files\dotnet\packs\Microsoft.NETCore.App.Ref\10.0.9\ref/net10.0/System.ComponentModel.dll
                 Private = 'false'
             C:\Program Files\dotnet\packs\Microsoft.NETCore.App.Ref\10.0.9\ref/net10.0/System.Configuration.dll
                 Private = 'false'
             C:\Program Files\dotnet\packs\Microsoft.NETCore.App.Ref\10.0.9\ref/net10.0/System.Console.dll
                 Private = 'false'
             C:\Program Files\dotnet\packs\Microsoft.NETCore.App.Ref\10.0.9\ref/net10.0/System.Core.dll
                 Private = 'false'
             C:\Program Files\dotnet\packs\Microsoft.NETCore.App.Ref\10.0.9\ref/net10.0/System.Data.Common.dll
                 Private = 'false'
             C:\Program Files\dotnet\packs\Microsoft.NETCore.App.Ref\10.0.9\ref/net10.0/System.Data.DataSetExtensions.dll
                 Private = 'false'
             C:\Program Files\dotnet\packs\Microsoft.NETCore.App.Ref\10.0.9\ref/net10.0/System.Data.dll
                 Private = 'false'
             C:\Program Files\dotnet\packs\Microsoft.NETCore.App.Ref\10.0.9\ref/net10.0/System.Diagnostics.Contracts.dll
                 Private = 'false'
             C:\Program Files\dotnet\packs\Microsoft.NETCore.App.Ref\10.0.9\ref/net10.0/System.Diagnostics.Debug.dll
                 Private = 'false'
             C:\Program Files\dotnet\packs\Microsoft.NETCore.App.Ref\10.0.9\ref/net10.0/System.Diagnostics.DiagnosticSource.dll
                 Private = 'false'
             C:\Program Files\dotnet\packs\Microsoft.NETCore.App.Ref\10.0.9\ref/net10.0/System.Diagnostics.FileVersionInfo.dll
                 Private = 'false'
             C:\Program Files\dotnet\packs\Microsoft.NETCore.App.Ref\10.0.9\ref/net10.0/System.Diagnostics.Process.dll
                 Private = 'false'
             C:\Program Files\dotnet\packs\Microsoft.NETCore.App.Ref\10.0.9\ref/net10.0/System.Diagnostics.StackTrace.dll
                 Private = 'false'
             C:\Program Files\dotnet\packs\Microsoft.NETCore.App.Ref\10.0.9\ref/net10.0/System.Diagnostics.TextWriterTraceListener.dll
                 Private = 'false'
             C:\Program Files\dotnet\packs\Microsoft.NETCore.App.Ref\10.0.9\ref/net10.0/System.Diagnostics.Tools.dll
                 Private = 'false'
             C:\Program Files\dotnet\packs\Microsoft.NETCore.App.Ref\10.0.9\ref/net10.0/System.Diagnostics.TraceSource.dll
                 Private = 'false'
             C:\Program Files\dotnet\packs\Microsoft.NETCore.App.Ref\10.0.9\ref/net10.0/System.Diagnostics.Tracing.dll
                 Private = 'false'
             C:\Program Files\dotnet\packs\Microsoft.NETCore.App.Ref\10.0.9\ref/net10.0/System.Drawing.Primitives.dll
                 Private = 'false'
             C:\Program Files\dotnet\packs\Microsoft.NETCore.App.Ref\10.0.9\ref/net10.0/System.Drawing.dll
                 Private = 'false'
             C:\Program Files\dotnet\packs\Microsoft.NETCore.App.Ref\10.0.9\ref/net10.0/System.Dynamic.Runtime.dll
                 Private = 'false'
             C:\Program Files\dotnet\packs\Microsoft.NETCore.App.Ref\10.0.9\ref/net10.0/System.Formats.Asn1.dll
                 Private = 'false'
             C:\Program Files\dotnet\packs\Microsoft.NETCore.App.Ref\10.0.9\ref/net10.0/System.Formats.Tar.dll
                 Private = 'false'
             C:\Program Files\dotnet\packs\Microsoft.NETCore.App.Ref\10.0.9\ref/net10.0/System.Globalization.Calendars.dll
                 Private = 'false'
             C:\Program Files\dotnet\packs\Microsoft.NETCore.App.Ref\10.0.9\ref/net10.0/System.Globalization.Extensions.dll
                 Private = 'false'
             C:\Program Files\dotnet\packs\Microsoft.NETCore.App.Ref\10.0.9\ref/net10.0/System.Globalization.dll
                 Private = 'false'
             C:\Program Files\dotnet\packs\Microsoft.NETCore.App.Ref\10.0.9\ref/net10.0/System.IO.Compression.Brotli.dll
                 Private = 'false'
             C:\Program Files\dotnet\packs\Microsoft.NETCore.App.Ref\10.0.9\ref/net10.0/System.IO.Compression.FileSystem.dll
                 Private = 'false'
             C:\Program Files\dotnet\packs\Microsoft.NETCore.App.Ref\10.0.9\ref/net10.0/System.IO.Compression.ZipFile.dll
                 Private = 'false'
             C:\Program Files\dotnet\packs\Microsoft.NETCore.App.Ref\10.0.9\ref/net10.0/System.IO.Compression.dll
                 Private = 'false'
             C:\Program Files\dotnet\packs\Microsoft.NETCore.App.Ref\10.0.9\ref/net10.0/System.IO.FileSystem.AccessControl.dll
                 Private = 'false'
             C:\Program Files\dotnet\packs\Microsoft.NETCore.App.Ref\10.0.9\ref/net10.0/System.IO.FileSystem.DriveInfo.dll
                 Private = 'false'
             C:\Program Files\dotnet\packs\Microsoft.NETCore.App.Ref\10.0.9\ref/net10.0/System.IO.FileSystem.Primitives.dll
                 Private = 'false'
             C:\Program Files\dotnet\packs\Microsoft.NETCore.App.Ref\10.0.9\ref/net10.0/System.IO.FileSystem.Watcher.dll
                 Private = 'false'
             C:\Program Files\dotnet\packs\Microsoft.NETCore.App.Ref\10.0.9\ref/net10.0/System.IO.FileSystem.dll
                 Private = 'false'
             C:\Program Files\dotnet\packs\Microsoft.NETCore.App.Ref\10.0.9\ref/net10.0/System.IO.IsolatedStorage.dll
                 Private = 'false'
             C:\Program Files\dotnet\packs\Microsoft.NETCore.App.Ref\10.0.9\ref/net10.0/System.IO.MemoryMappedFiles.dll
                 Private = 'false'
             C:\Program Files\dotnet\packs\Microsoft.NETCore.App.Ref\10.0.9\ref/net10.0/System.IO.Pipelines.dll
                 Private = 'false'
             C:\Program Files\dotnet\packs\Microsoft.NETCore.App.Ref\10.0.9\ref/net10.0/System.IO.Pipes.AccessControl.dll
                 Private = 'false'
             C:\Program Files\dotnet\packs\Microsoft.NETCore.App.Ref\10.0.9\ref/net10.0/System.IO.Pipes.dll
                 Private = 'false'
             C:\Program Files\dotnet\packs\Microsoft.NETCore.App.Ref\10.0.9\ref/net10.0/System.IO.UnmanagedMemoryStream.dll
                 Private = 'false'
             C:\Program Files\dotnet\packs\Microsoft.NETCore.App.Ref\10.0.9\ref/net10.0/System.IO.dll
                 Private = 'false'
             C:\Program Files\dotnet\packs\Microsoft.NETCore.App.Ref\10.0.9\ref/net10.0/System.Linq.AsyncEnumerable.dll
                 Private = 'false'
             C:\Program Files\dotnet\packs\Microsoft.NETCore.App.Ref\10.0.9\ref/net10.0/System.Linq.Expressions.dll
                 Private = 'false'
             C:\Program Files\dotnet\packs\Microsoft.NETCore.App.Ref\10.0.9\ref/net10.0/System.Linq.Parallel.dll
                 Private = 'false'
             C:\Program Files\dotnet\packs\Microsoft.NETCore.App.Ref\10.0.9\ref/net10.0/System.Linq.Queryable.dll
                 Private = 'false'
             C:\Program Files\dotnet\packs\Microsoft.NETCore.App.Ref\10.0.9\ref/net10.0/System.Linq.dll
                 Private = 'false'
             C:\Program Files\dotnet\packs\Microsoft.NETCore.App.Ref\10.0.9\ref/net10.0/System.Memory.dll
                 Private = 'false'
             C:\Program Files\dotnet\packs\Microsoft.NETCore.App.Ref\10.0.9\ref/net10.0/System.Net.Http.Json.dll
                 Private = 'false'
             C:\Program Files\dotnet\packs\Microsoft.NETCore.App.Ref\10.0.9\ref/net10.0/System.Net.Http.dll
                 Private = 'false'
             C:\Program Files\dotnet\packs\Microsoft.NETCore.App.Ref\10.0.9\ref/net10.0/System.Net.HttpListener.dll
                 Private = 'false'
             C:\Program Files\dotnet\packs\Microsoft.NETCore.App.Ref\10.0.9\ref/net10.0/System.Net.Mail.dll
                 Private = 'false'
             C:\Program Files\dotnet\packs\Microsoft.NETCore.App.Ref\10.0.9\ref/net10.0/System.Net.NameResolution.dll
                 Private = 'false'
             C:\Program Files\dotnet\packs\Microsoft.NETCore.App.Ref\10.0.9\ref/net10.0/System.Net.NetworkInformation.dll
                 Private = 'false'
             C:\Program Files\dotnet\packs\Microsoft.NETCore.App.Ref\10.0.9\ref/net10.0/System.Net.Ping.dll
                 Private = 'false'
             C:\Program Files\dotnet\packs\Microsoft.NETCore.App.Ref\10.0.9\ref/net10.0/System.Net.Primitives.dll
                 Private = 'false'
             C:\Program Files\dotnet\packs\Microsoft.NETCore.App.Ref\10.0.9\ref/net10.0/System.Net.Quic.dll
                 Private = 'false'
             C:\Program Files\dotnet\packs\Microsoft.NETCore.App.Ref\10.0.9\ref/net10.0/System.Net.Requests.dll
                 Private = 'false'
             C:\Program Files\dotnet\packs\Microsoft.NETCore.App.Ref\10.0.9\ref/net10.0/System.Net.Security.dll
                 Private = 'false'
             C:\Program Files\dotnet\packs\Microsoft.NETCore.App.Ref\10.0.9\ref/net10.0/System.Net.ServerSentEvents.dll
                 Private = 'false'
             C:\Program Files\dotnet\packs\Microsoft.NETCore.App.Ref\10.0.9\ref/net10.0/System.Net.ServicePoint.dll
                 Private = 'false'
             C:\Program Files\dotnet\packs\Microsoft.NETCore.App.Ref\10.0.9\ref/net10.0/System.Net.Sockets.dll
                 Private = 'false'
             C:\Program Files\dotnet\packs\Microsoft.NETCore.App.Ref\10.0.9\ref/net10.0/System.Net.WebClient.dll
                 Private = 'false'
             C:\Program Files\dotnet\packs\Microsoft.NETCore.App.Ref\10.0.9\ref/net10.0/System.Net.WebHeaderCollection.dll
                 Private = 'false'
             C:\Program Files\dotnet\packs\Microsoft.NETCore.App.Ref\10.0.9\ref/net10.0/System.Net.WebProxy.dll
                 Private = 'false'
             C:\Program Files\dotnet\packs\Microsoft.NETCore.App.Ref\10.0.9\ref/net10.0/System.Net.WebSockets.Client.dll
                 Private = 'false'
             C:\Program Files\dotnet\packs\Microsoft.NETCore.App.Ref\10.0.9\ref/net10.0/System.Net.WebSockets.dll
                 Private = 'false'
             C:\Program Files\dotnet\packs\Microsoft.NETCore.App.Ref\10.0.9\ref/net10.0/System.Net.dll
                 Private = 'false'
             C:\Program Files\dotnet\packs\Microsoft.NETCore.App.Ref\10.0.9\ref/net10.0/System.Numerics.Vectors.dll
                 Private = 'false'
             C:\Program Files\dotnet\packs\Microsoft.NETCore.App.Ref\10.0.9\ref/net10.0/System.Numerics.dll
                 Private = 'false'
             C:\Program Files\dotnet\packs\Microsoft.NETCore.App.Ref\10.0.9\ref/net10.0/System.ObjectModel.dll
                 Private = 'false'
             C:\Program Files\dotnet\packs\Microsoft.NETCore.App.Ref\10.0.9\ref/net10.0/System.Reflection.DispatchProxy.dll
                 Private = 'false'
             C:\Program Files\dotnet\packs\Microsoft.NETCore.App.Ref\10.0.9\ref/net10.0/System.Reflection.Emit.ILGeneration.dll
                 Private = 'false'
             C:\Program Files\dotnet\packs\Microsoft.NETCore.App.Ref\10.0.9\ref/net10.0/System.Reflection.Emit.Lightweight.dll
                 Private = 'false'
             C:\Program Files\dotnet\packs\Microsoft.NETCore.App.Ref\10.0.9\ref/net10.0/System.Reflection.Emit.dll
                 Private = 'false'
             C:\Program Files\dotnet\packs\Microsoft.NETCore.App.Ref\10.0.9\ref/net10.0/System.Reflection.Extensions.dll
                 Private = 'false'
             C:\Program Files\dotnet\packs\Microsoft.NETCore.App.Ref\10.0.9\ref/net10.0/System.Reflection.Metadata.dll
                 Private = 'false'
             C:\Program Files\dotnet\packs\Microsoft.NETCore.App.Ref\10.0.9\ref/net10.0/System.Reflection.Primitives.dll
                 Private = 'false'
             C:\Program Files\dotnet\packs\Microsoft.NETCore.App.Ref\10.0.9\ref/net10.0/System.Reflection.TypeExtensions.dll
                 Private = 'false'
             C:\Program Files\dotnet\packs\Microsoft.NETCore.App.Ref\10.0.9\ref/net10.0/System.Reflection.dll
                 Private = 'false'
             C:\Program Files\dotnet\packs\Microsoft.NETCore.App.Ref\10.0.9\ref/net10.0/System.Resources.Reader.dll
                 Private = 'false'
             C:\Program Files\dotnet\packs\Microsoft.NETCore.App.Ref\10.0.9\ref/net10.0/System.Resources.ResourceManager.dll
                 Private = 'false'
             C:\Program Files\dotnet\packs\Microsoft.NETCore.App.Ref\10.0.9\ref/net10.0/System.Resources.Writer.dll
                 Private = 'false'
             C:\Program Files\dotnet\packs\Microsoft.NETCore.App.Ref\10.0.9\ref/net10.0/System.Runtime.CompilerServices.Unsafe.dll
                 Private = 'false'
             C:\Program Files\dotnet\packs\Microsoft.NETCore.App.Ref\10.0.9\ref/net10.0/System.Runtime.CompilerServices.VisualC.dll
                 Private = 'false'
             C:\Program Files\dotnet\packs\Microsoft.NETCore.App.Ref\10.0.9\ref/net10.0/System.Runtime.Extensions.dll
                 Private = 'false'
             C:\Program Files\dotnet\packs\Microsoft.NETCore.App.Ref\10.0.9\ref/net10.0/System.Runtime.Handles.dll
                 Private = 'false'
             C:\Program Files\dotnet\packs\Microsoft.NETCore.App.Ref\10.0.9\ref/net10.0/System.Runtime.InteropServices.JavaScript.dll
                 Private = 'false'
             C:\Program Files\dotnet\packs\Microsoft.NETCore.App.Ref\10.0.9\ref/net10.0/System.Runtime.InteropServices.RuntimeInformation.dll
                 Private = 'false'
             C:\Program Files\dotnet\packs\Microsoft.NETCore.App.Ref\10.0.9\ref/net10.0/System.Runtime.InteropServices.dll
                 Private = 'false'
             C:\Program Files\dotnet\packs\Microsoft.NETCore.App.Ref\10.0.9\ref/net10.0/System.Runtime.Intrinsics.dll
                 Private = 'false'
             C:\Program Files\dotnet\packs\Microsoft.NETCore.App.Ref\10.0.9\ref/net10.0/System.Runtime.Loader.dll
                 Private = 'false'
             C:\Program Files\dotnet\packs\Microsoft.NETCore.App.Ref\10.0.9\ref/net10.0/System.Runtime.Numerics.dll
                 Private = 'false'
             C:\Program Files\dotnet\packs\Microsoft.NETCore.App.Ref\10.0.9\ref/net10.0/System.Runtime.Serialization.Formatters.dll
                 Private = 'false'
             C:\Program Files\dotnet\packs\Microsoft.NETCore.App.Ref\10.0.9\ref/net10.0/System.Runtime.Serialization.Json.dll
                 Private = 'false'
             C:\Program Files\dotnet\packs\Microsoft.NETCore.App.Ref\10.0.9\ref/net10.0/System.Runtime.Serialization.Primitives.dll
                 Private = 'false'
             C:\Program Files\dotnet\packs\Microsoft.NETCore.App.Ref\10.0.9\ref/net10.0/System.Runtime.Serialization.Xml.dll
                 Private = 'false'
             C:\Program Files\dotnet\packs\Microsoft.NETCore.App.Ref\10.0.9\ref/net10.0/System.Runtime.Serialization.dll
                 Private = 'false'
             C:\Program Files\dotnet\packs\Microsoft.NETCore.App.Ref\10.0.9\ref/net10.0/System.Runtime.dll
                 Private = 'false'
             C:\Program Files\dotnet\packs\Microsoft.NETCore.App.Ref\10.0.9\ref/net10.0/System.Security.AccessControl.dll
                 Private = 'false'
             C:\Program Files\dotnet\packs\Microsoft.NETCore.App.Ref\10.0.9\ref/net10.0/System.Security.Claims.dll
                 Private = 'false'
             C:\Program Files\dotnet\packs\Microsoft.NETCore.App.Ref\10.0.9\ref/net10.0/System.Security.Cryptography.Algorithms.dll
                 Private = 'false'
             C:\Program Files\dotnet\packs\Microsoft.NETCore.App.Ref\10.0.9\ref/net10.0/System.Security.Cryptography.Cng.dll
                 Private = 'false'
             C:\Program Files\dotnet\packs\Microsoft.NETCore.App.Ref\10.0.9\ref/net10.0/System.Security.Cryptography.Csp.dll
                 Private = 'false'
             C:\Program Files\dotnet\packs\Microsoft.NETCore.App.Ref\10.0.9\ref/net10.0/System.Security.Cryptography.Encoding.dll
                 Private = 'false'
             C:\Program Files\dotnet\packs\Microsoft.NETCore.App.Ref\10.0.9\ref/net10.0/System.Security.Cryptography.OpenSsl.dll
                 Private = 'false'
             C:\Program Files\dotnet\packs\Microsoft.NETCore.App.Ref\10.0.9\ref/net10.0/System.Security.Cryptography.Primitives.dll
                 Private = 'false'
             C:\Program Files\dotnet\packs\Microsoft.NETCore.App.Ref\10.0.9\ref/net10.0/System.Security.Cryptography.X509Certificates.dll
                 Private = 'false'
             C:\Program Files\dotnet\packs\Microsoft.NETCore.App.Ref\10.0.9\ref/net10.0/System.Security.Cryptography.dll
                 Private = 'false'
             C:\Program Files\dotnet\packs\Microsoft.NETCore.App.Ref\10.0.9\ref/net10.0/System.Security.Principal.Windows.dll
                 Private = 'false'
             C:\Program Files\dotnet\packs\Microsoft.NETCore.App.Ref\10.0.9\ref/net10.0/System.Security.Principal.dll
                 Private = 'false'
             C:\Program Files\dotnet\packs\Microsoft.NETCore.App.Ref\10.0.9\ref/net10.0/System.Security.SecureString.dll
                 Private = 'false'
             C:\Program Files\dotnet\packs\Microsoft.NETCore.App.Ref\10.0.9\ref/net10.0/System.Security.dll
                 Private = 'false'
             C:\Program Files\dotnet\packs\Microsoft.NETCore.App.Ref\10.0.9\ref/net10.0/System.ServiceModel.Web.dll
                 Private = 'false'
             C:\Program Files\dotnet\packs\Microsoft.NETCore.App.Ref\10.0.9\ref/net10.0/System.ServiceProcess.dll
                 Private = 'false'
             C:\Program Files\dotnet\packs\Microsoft.NETCore.App.Ref\10.0.9\ref/net10.0/System.Text.Encoding.CodePages.dll
                 Private = 'false'
             C:\Program Files\dotnet\packs\Microsoft.NETCore.App.Ref\10.0.9\ref/net10.0/System.Text.Encoding.Extensions.dll
                 Private = 'false'
             C:\Program Files\dotnet\packs\Microsoft.NETCore.App.Ref\10.0.9\ref/net10.0/System.Text.Encoding.dll
                 Private = 'false'
             C:\Program Files\dotnet\packs\Microsoft.NETCore.App.Ref\10.0.9\ref/net10.0/System.Text.Encodings.Web.dll
                 Private = 'false'
             C:\Program Files\dotnet\packs\Microsoft.NETCore.App.Ref\10.0.9\ref/net10.0/System.Text.Json.dll
                 Private = 'false'
             C:\Program Files\dotnet\packs\Microsoft.NETCore.App.Ref\10.0.9\ref/net10.0/System.Text.RegularExpressions.dll
                 Private = 'false'
             C:\Program Files\dotnet\packs\Microsoft.NETCore.App.Ref\10.0.9\ref/net10.0/System.Threading.AccessControl.dll
                 Private = 'false'
             C:\Program Files\dotnet\packs\Microsoft.NETCore.App.Ref\10.0.9\ref/net10.0/System.Threading.Channels.dll
                 Private = 'false'
             C:\Program Files\dotnet\packs\Microsoft.NETCore.App.Ref\10.0.9\ref/net10.0/System.Threading.Overlapped.dll
                 Private = 'false'
             C:\Program Files\dotnet\packs\Microsoft.NETCore.App.Ref\10.0.9\ref/net10.0/System.Threading.Tasks.Dataflow.dll
                 Private = 'false'
             C:\Program Files\dotnet\packs\Microsoft.NETCore.App.Ref\10.0.9\ref/net10.0/System.Threading.Tasks.Extensions.dll
                 Private = 'false'
             C:\Program Files\dotnet\packs\Microsoft.NETCore.App.Ref\10.0.9\ref/net10.0/System.Threading.Tasks.Parallel.dll
                 Private = 'false'
             C:\Program Files\dotnet\packs\Microsoft.NETCore.App.Ref\10.0.9\ref/net10.0/System.Threading.Tasks.dll
                 Private = 'false'
             C:\Program Files\dotnet\packs\Microsoft.NETCore.App.Ref\10.0.9\ref/net10.0/System.Threading.Thread.dll
                 Private = 'false'
             C:\Program Files\dotnet\packs\Microsoft.NETCore.App.Ref\10.0.9\ref/net10.0/System.Threading.ThreadPool.dll
                 Private = 'false'
             C:\Program Files\dotnet\packs\Microsoft.NETCore.App.Ref\10.0.9\ref/net10.0/System.Threading.Timer.dll
                 Private = 'false'
             C:\Program Files\dotnet\packs\Microsoft.NETCore.App.Ref\10.0.9\ref/net10.0/System.Threading.dll
                 Private = 'false'
             C:\Program Files\dotnet\packs\Microsoft.NETCore.App.Ref\10.0.9\ref/net10.0/System.Transactions.Local.dll
                 Private = 'false'
             C:\Program Files\dotnet\packs\Microsoft.NETCore.App.Ref\10.0.9\ref/net10.0/System.Transactions.dll
                 Private = 'false'
             C:\Program Files\dotnet\packs\Microsoft.NETCore.App.Ref\10.0.9\ref/net10.0/System.ValueTuple.dll
                 Private = 'false'
             C:\Program Files\dotnet\packs\Microsoft.NETCore.App.Ref\10.0.9\ref/net10.0/System.Web.HttpUtility.dll
                 Private = 'false'
             C:\Program Files\dotnet\packs\Microsoft.NETCore.App.Ref\10.0.9\ref/net10.0/System.Web.dll
                 Private = 'false'
             C:\Program Files\dotnet\packs\Microsoft.NETCore.App.Ref\10.0.9\ref/net10.0/System.Windows.dll
                 Private = 'false'
             C:\Program Files\dotnet\packs\Microsoft.NETCore.App.Ref\10.0.9\ref/net10.0/System.Xml.Linq.dll
                 Private = 'false'
             C:\Program Files\dotnet\packs\Microsoft.NETCore.App.Ref\10.0.9\ref/net10.0/System.Xml.ReaderWriter.dll
                 Private = 'false'
             C:\Program Files\dotnet\packs\Microsoft.NETCore.App.Ref\10.0.9\ref/net10.0/System.Xml.Serialization.dll
                 Private = 'false'
             C:\Program Files\dotnet\packs\Microsoft.NETCore.App.Ref\10.0.9\ref/net10.0/System.Xml.XDocument.dll
                 Private = 'false'
             C:\Program Files\dotnet\packs\Microsoft.NETCore.App.Ref\10.0.9\ref/net10.0/System.Xml.XPath.XDocument.dll
                 Private = 'false'
             C:\Program Files\dotnet\packs\Microsoft.NETCore.App.Ref\10.0.9\ref/net10.0/System.Xml.XPath.dll
                 Private = 'false'
             C:\Program Files\dotnet\packs\Microsoft.NETCore.App.Ref\10.0.9\ref/net10.0/System.Xml.XmlDocument.dll
                 Private = 'false'
             C:\Program Files\dotnet\packs\Microsoft.NETCore.App.Ref\10.0.9\ref/net10.0/System.Xml.XmlSerializer.dll
                 Private = 'false'
             C:\Program Files\dotnet\packs\Microsoft.NETCore.App.Ref\10.0.9\ref/net10.0/System.Xml.dll
                 Private = 'false'
             C:\Program Files\dotnet\packs\Microsoft.NETCore.App.Ref\10.0.9\ref/net10.0/System.dll
                 Private = 'false'
             C:\Program Files\dotnet\packs\Microsoft.NETCore.App.Ref\10.0.9\ref/net10.0/WindowsBase.dll
                 Private = 'false'
             C:\Program Files\dotnet\packs\Microsoft.NETCore.App.Ref\10.0.9\ref/net10.0/mscorlib.dll
                 Private = 'false'
             C:\Program Files\dotnet\packs\Microsoft.NETCore.App.Ref\10.0.9\ref/net10.0/netstandard.dll
                 Private = 'false'
             C:\Users\UKGC\.nuget\packages\microsoft.windows.sdk.net.ref\10.0.19041.57\lib/net8.0/Microsoft.Windows.SDK.NET.dll
                 Private = 'false'
             C:\Users\UKGC\.nuget\packages\microsoft.windows.sdk.net.ref\10.0.19041.57\lib/net8.0/WinRT.Runtime.dll
                 Private = 'false'
         AssemblyFiles:
         CandidateAssemblyFiles:
         TargetFrameworkDirectories:
             
         NonCultureResourceDirectories:
             
         InstalledAssemblyTables:
         IgnoreInstalledAssemblyTable:
             False
         SearchPaths:
             {CandidateAssemblyFiles}
             {HintPathFromItem}
             {TargetFrameworkDirectory}
             {RawFileName}
         AllowedAssemblyExtensions:
             .winmd
             .dll
             .exe
         AllowedRelatedFileExtensions:
             .pdb
             .xml
             .pri
             .dll.config
             .exe.config
         AppConfigFile:
             
         AutoUnify:
             True
         EnableCustomCulture:
             False
         EnableCustomCulture:
             False
         CopyLocalDependenciesWhenParentReferenceInGac:
             True
         FindDependencies:
             True
         TargetProcessorArchitecture:
             msil
         StateFile:
             obj\Debug\net10.0-windows10.0.19041.0\SoundBar.csproj.AssemblyReference.cache
         InstalledAssemblySubsetTables:
         IgnoreInstalledAssemblySubsetTable:
             False
         TargetFrameworkSubsets:
         FullTargetFrameworkSubsetNames:
             Full
         ProfileName:
             
         FullFrameworkFolders:
         LatestTargetFrameworkDirectories:
         ProfileTablesLocation:
         Primary reference "CSCore, Version=1.2.1.2, Culture=neutral, PublicKeyToken=5a08f2b6f4415dea".
             Resolved file path is "C:\Users\UKGC\.nuget\packages\cscore\1.2.1.2\lib\net35-client\CSCore.dll".
             Reference found at search path location "{HintPathFromItem}".
             Found related file "C:\Users\UKGC\.nuget\packages\cscore\1.2.1.2\lib\net35-client\CSCore.xml".
             This reference is not "CopyLocal" because at least one source item had "Private" set to "false" and no source items had "Private" set to "true".
             The ImageRuntimeVersion for this reference is "v2.0.50727".
         Primary reference "Microsoft.InteractiveExperiences.Projection, Version=10.0.0.0, Culture=neutral, PublicKeyToken=31bf3856ad364e35".
             Resolved file path is "C:\Users\UKGC\.nuget\packages\microsoft.windowsappsdk\1.4.231008000\lib\net6.0-windows10.0.18362.0\Microsoft.InteractiveExperiences.Projection.dll".
             Reference found at search path location "{HintPathFromItem}".
             Found related file "C:\Users\UKGC\.nuget\packages\microsoft.windowsappsdk\1.4.231008000\lib\net6.0-windows10.0.18362.0\Microsoft.InteractiveExperiences.Projection.xml".
             This reference is not "CopyLocal" because at least one source item had "Private" set to "false" and no source items had "Private" set to "true".
         Primary reference "Microsoft.WinUI, Version=3.0.0.0, Culture=neutral, PublicKeyToken=de31ebe4ad15742b".
             Resolved file path is "C:\Users\UKGC\.nuget\packages\microsoft.windowsappsdk\1.4.231008000\lib\net6.0-windows10.0.18362.0\Microsoft.WinUI.dll".
             Reference found at search path location "{HintPathFromItem}".
             Found related file "C:\Users\UKGC\.nuget\packages\microsoft.windowsappsdk\1.4.231008000\lib\net6.0-windows10.0.18362.0\Microsoft.WinUI.xml".
             This reference is not "CopyLocal" because at least one source item had "Private" set to "false" and no source items had "Private" set to "true".
         Primary reference "Microsoft.Windows.AppLifecycle.Projection, Version=1.4.0.0, Culture=neutral, PublicKeyToken=null".
             Resolved file path is "C:\Users\UKGC\.nuget\packages\microsoft.windowsappsdk\1.4.231008000\lib\net6.0-windows10.0.18362.0\Microsoft.Windows.AppLifecycle.Projection.dll".
             Reference found at search path location "{HintPathFromItem}".
             Found related file "C:\Users\UKGC\.nuget\packages\microsoft.windowsappsdk\1.4.231008000\lib\net6.0-windows10.0.18362.0\Microsoft.Windows.AppLifecycle.Projection.xml".
             This reference is not "CopyLocal" because at least one source item had "Private" set to "false" and no source items had "Private" set to "true".
         Primary reference "Microsoft.Windows.AppNotifications.Builder.Projection, Version=1.4.0.0, Culture=neutral, PublicKeyToken=null".
             Resolved file path is "C:\Users\UKGC\.nuget\packages\microsoft.windowsappsdk\1.4.231008000\lib\net6.0-windows10.0.18362.0\Microsoft.Windows.AppNotifications.Builder.Projection.dll".
             Reference found at search path location "{HintPathFromItem}".
             This reference is not "CopyLocal" because at least one source item had "Private" set to "false" and no source items had "Private" set to "true".
         Primary reference "Microsoft.Windows.AppNotifications.Projection, Version=1.4.0.0, Culture=neutral, PublicKeyToken=null".
             Resolved file path is "C:\Users\UKGC\.nuget\packages\microsoft.windowsappsdk\1.4.231008000\lib\net6.0-windows10.0.18362.0\Microsoft.Windows.AppNotifications.Projection.dll".
             Reference found at search path location "{HintPathFromItem}".
             This reference is not "CopyLocal" because at least one source item had "Private" set to "false" and no source items had "Private" set to "true".
         Primary reference "Microsoft.Windows.ApplicationModel.DynamicDependency.Projection, Version=1.4.0.0, Culture=neutral, PublicKeyToken=null".
             Resolved file path is "C:\Users\UKGC\.nuget\packages\microsoft.windowsappsdk\1.4.231008000\lib\net6.0-windows10.0.18362.0\Microsoft.Windows.ApplicationModel.DynamicDependency.Projection.dll".
             Reference found at search path location "{HintPathFromItem}".
             Found related file "C:\Users\UKGC\.nuget\packages\microsoft.windowsappsdk\1.4.231008000\lib\net6.0-windows10.0.18362.0\Microsoft.Windows.ApplicationModel.DynamicDependency.Projection.xml".
             This reference is not "CopyLocal" because at least one source item had "Private" set to "false" and no source items had "Private" set to "true".
         Primary reference "Microsoft.Windows.ApplicationModel.Resources.Projection, Version=1.4.0.0, Culture=neutral, PublicKeyToken=null".
             Resolved file path is "C:\Users\UKGC\.nuget\packages\microsoft.windowsappsdk\1.4.231008000\lib\net6.0-windows10.0.18362.0\Microsoft.Windows.ApplicationModel.Resources.Projection.dll".
             Reference found at search path location "{HintPathFromItem}".
             Found related file "C:\Users\UKGC\.nuget\packages\microsoft.windowsappsdk\1.4.231008000\lib\net6.0-windows10.0.18362.0\Microsoft.Windows.ApplicationModel.Resources.Projection.xml".
             This reference is not "CopyLocal" because at least one source item had "Private" set to "false" and no source items had "Private" set to "true".
         Primary reference "Microsoft.Windows.ApplicationModel.WindowsAppRuntime.Projection, Version=1.4.0.0, Culture=neutral, PublicKeyToken=null".
             Resolved file path is "C:\Users\UKGC\.nuget\packages\microsoft.windowsappsdk\1.4.231008000\lib\net6.0-windows10.0.18362.0\Microsoft.Windows.ApplicationModel.WindowsAppRuntime.Projection.dll".
             Reference found at search path location "{HintPathFromItem}".
             Found related file "C:\Users\UKGC\.nuget\packages\microsoft.windowsappsdk\1.4.231008000\lib\net6.0-windows10.0.18362.0\Microsoft.Windows.ApplicationModel.WindowsAppRuntime.Projection.xml".
             This reference is not "CopyLocal" because at least one source item had "Private" set to "false" and no source items had "Private" set to "true".
         Primary reference "Microsoft.Windows.PushNotifications.Projection, Version=1.4.0.0, Culture=neutral, PublicKeyToken=null".
             Resolved file path is "C:\Users\UKGC\.nuget\packages\microsoft.windowsappsdk\1.4.231008000\lib\net6.0-windows10.0.18362.0\Microsoft.Windows.PushNotifications.Projection.dll".
             Reference found at search path location "{HintPathFromItem}".
             This reference is not "CopyLocal" because at least one source item had "Private" set to "false" and no source items had "Private" set to "true".
         Primary reference "Microsoft.Windows.Security.AccessControl.Projection, Version=1.4.0.0, Culture=neutral, PublicKeyToken=null".
             Resolved file path is "C:\Users\UKGC\.nuget\packages\microsoft.windowsappsdk\1.4.231008000\lib\net6.0-windows10.0.18362.0\Microsoft.Windows.Security.AccessControl.Projection.dll".
             Reference found at search path location "{HintPathFromItem}".
             This reference is not "CopyLocal" because at least one source item had "Private" set to "false" and no source items had "Private" set to "true".
         Primary reference "Microsoft.Windows.System.Power.Projection, Version=1.4.0.0, Culture=neutral, PublicKeyToken=null".
             Resolved file path is "C:\Users\UKGC\.nuget\packages\microsoft.windowsappsdk\1.4.231008000\lib\net6.0-windows10.0.18362.0\Microsoft.Windows.System.Power.Projection.dll".
             Reference found at search path location "{HintPathFromItem}".
             Found related file "C:\Users\UKGC\.nuget\packages\microsoft.windowsappsdk\1.4.231008000\lib\net6.0-windows10.0.18362.0\Microsoft.Windows.System.Power.Projection.xml".
             This reference is not "CopyLocal" because at least one source item had "Private" set to "false" and no source items had "Private" set to "true".
         Primary reference "Microsoft.Windows.System.Projection, Version=1.4.0.0, Culture=neutral, PublicKeyToken=null".
             Resolved file path is "C:\Users\UKGC\.nuget\packages\microsoft.windowsappsdk\1.4.231008000\lib\net6.0-windows10.0.18362.0\Microsoft.Windows.System.Projection.dll".
             Reference found at search path location "{HintPathFromItem}".
             This reference is not "CopyLocal" because at least one source item had "Private" set to "false" and no source items had "Private" set to "true".
         Primary reference "Microsoft.Windows.Widgets.Providers.Projection, Version=1.0.0.0, Culture=neutral, PublicKeyToken=null".
             Resolved file path is "C:\Users\UKGC\.nuget\packages\microsoft.windowsappsdk\1.4.231008000\lib\net6.0-windows10.0.18362.0\Microsoft.Windows.Widgets.Providers.Projection.dll".
             Reference found at search path location "{HintPathFromItem}".
             This reference is not "CopyLocal" because at least one source item had "Private" set to "false" and no source items had "Private" set to "true".
         Primary reference "Microsoft.WindowsAppRuntime.Bootstrap.Net, Version=1.4.0.0, Culture=neutral, PublicKeyToken=null".
             Resolved file path is "C:\Users\UKGC\.nuget\packages\microsoft.windowsappsdk\1.4.231008000\lib\net6.0-windows10.0.18362.0\Microsoft.WindowsAppRuntime.Bootstrap.Net.dll".
             Reference found at search path location "{HintPathFromItem}".
             This reference is not "CopyLocal" because at least one source item had "Private" set to "false" and no source items had "Private" set to "true".
         Primary reference "Microsoft.CSharp, Version=10.0.0.0, Culture=neutral, PublicKeyToken=b03f5f7f11d50a3a".
             Resolved file path is "C:\Program Files\dotnet\packs\Microsoft.NETCore.App.Ref\10.0.9\ref\net10.0\Microsoft.CSharp.dll".
             Reference found at search path location "{RawFileName}".
             This reference is not "CopyLocal" because at least one source item had "Private" set to "false" and no source items had "Private" set to "true".
         Primary reference "Microsoft.VisualBasic.Core, Version=15.0.0.0, Culture=neutral, PublicKeyToken=b03f5f7f11d50a3a".
             Resolved file path is "C:\Program Files\dotnet\packs\Microsoft.NETCore.App.Ref\10.0.9\ref\net10.0\Microsoft.VisualBasic.Core.dll".
             Reference found at search path location "{RawFileName}".
             This reference is not "CopyLocal" because at least one source item had "Private" set to "false" and no source items had "Private" set to "true".
         Primary reference "Microsoft.VisualBasic, Version=10.0.0.0, Culture=neutral, PublicKeyToken=b03f5f7f11d50a3a".
             Resolved file path is "C:\Program Files\dotnet\packs\Microsoft.NETCore.App.Ref\10.0.9\ref\net10.0\Microsoft.VisualBasic.dll".
             Reference found at search path location "{RawFileName}".
             This reference is not "CopyLocal" because at least one source item had "Private" set to "false" and no source items had "Private" set to "true".
         Primary reference "Microsoft.Win32.Primitives, Version=10.0.0.0, Culture=neutral, PublicKeyToken=b03f5f7f11d50a3a".
             Resolved file path is "C:\Program Files\dotnet\packs\Microsoft.NETCore.App.Ref\10.0.9\ref\net10.0\Microsoft.Win32.Primitives.dll".
             Reference found at search path location "{RawFileName}".
             This reference is not "CopyLocal" because at least one source item had "Private" set to "false" and no source items had "Private" set to "true".
         Primary reference "Microsoft.Win32.Registry, Version=10.0.0.0, Culture=neutral, PublicKeyToken=b03f5f7f11d50a3a".
             Resolved file path is "C:\Program Files\dotnet\packs\Microsoft.NETCore.App.Ref\10.0.9\ref\net10.0\Microsoft.Win32.Registry.dll".
             Reference found at search path location "{RawFileName}".
             This reference is not "CopyLocal" because at least one source item had "Private" set to "false" and no source items had "Private" set to "true".
         Primary reference "System.AppContext, Version=10.0.0.0, Culture=neutral, PublicKeyToken=b03f5f7f11d50a3a".
             Resolved file path is "C:\Program Files\dotnet\packs\Microsoft.NETCore.App.Ref\10.0.9\ref\net10.0\System.AppContext.dll".
             Reference found at search path location "{RawFileName}".
             This reference is not "CopyLocal" because at least one source item had "Private" set to "false" and no source items had "Private" set to "true".
         Primary reference "System.Buffers, Version=10.0.0.0, Culture=neutral, PublicKeyToken=cc7b13ffcd2ddd51".
             Resolved file path is "C:\Program Files\dotnet\packs\Microsoft.NETCore.App.Ref\10.0.9\ref\net10.0\System.Buffers.dll".
             Reference found at search path location "{RawFileName}".
             This reference is not "CopyLocal" because at least one source item had "Private" set to "false" and no source items had "Private" set to "true".
         Unified primary reference "System.Collections.Concurrent, Version=10.0.0.0, Culture=neutral, PublicKeyToken=b03f5f7f11d50a3a".
             Using this version instead of original version "6.0.0.0" in "C:\Users\UKGC\.nuget\packages\microsoft.windowsappsdk\1.4.231008000\lib\net6.0-windows10.0.18362.0\Microsoft.InteractiveExperiences.Projection.dll" because AutoUnify is 'true'.
             Using this version instead of original version "6.0.0.0" in "C:\Users\UKGC\.nuget\packages\microsoft.windowsappsdk\1.4.231008000\lib\net6.0-windows10.0.18362.0\Microsoft.WinUI.dll" because AutoUnify is 'true'.
             Using this version instead of original version "6.0.0.0" in "C:\Users\UKGC\.nuget\packages\microsoft.windowsappsdk\1.4.231008000\lib\net6.0-windows10.0.18362.0\Microsoft.Windows.AppLifecycle.Projection.dll" because AutoUnify is 'true'.
             Using this version instead of original version "6.0.0.0" in "C:\Users\UKGC\.nuget\packages\microsoft.windowsappsdk\1.4.231008000\lib\net6.0-windows10.0.18362.0\Microsoft.Windows.AppNotifications.Builder.Projection.dll" because AutoUnify is 'true'.
             Using this version instead of original version "6.0.0.0" in "C:\Users\UKGC\.nuget\packages\microsoft.windowsappsdk\1.4.231008000\lib\net6.0-windows10.0.18362.0\Microsoft.Windows.AppNotifications.Projection.dll" because AutoUnify is 'true'.
             Using this version instead of original version "6.0.0.0" in "C:\Users\UKGC\.nuget\packages\microsoft.windowsappsdk\1.4.231008000\lib\net6.0-windows10.0.18362.0\Microsoft.Windows.ApplicationModel.DynamicDependency.Projection.dll" because AutoUnify is 'true'.
             Using this version instead of original version "6.0.0.0" in "C:\Users\UKGC\.nuget\packages\microsoft.windowsappsdk\1.4.231008000\lib\net6.0-windows10.0.18362.0\Microsoft.Windows.ApplicationModel.Resources.Projection.dll" because AutoUnify is 'true'.
             Using this version instead of original version "6.0.0.0" in "C:\Users\UKGC\.nuget\packages\microsoft.windowsappsdk\1.4.231008000\lib\net6.0-windows10.0.18362.0\Microsoft.Windows.ApplicationModel.WindowsAppRuntime.Projection.dll" because AutoUnify is 'true'.
             Using this version instead of original version "6.0.0.0" in "C:\Users\UKGC\.nuget\packages\microsoft.windowsappsdk\1.4.231008000\lib\net6.0-windows10.0.18362.0\Microsoft.Windows.PushNotifications.Projection.dll" because AutoUnify is 'true'.
             Using this version instead of original version "6.0.0.0" in "C:\Users\UKGC\.nuget\packages\microsoft.windowsappsdk\1.4.231008000\lib\net6.0-windows10.0.18362.0\Microsoft.Windows.Security.AccessControl.Projection.dll" because AutoUnify is 'true'.
             Using this version instead of original version "6.0.0.0" in "C:\Users\UKGC\.nuget\packages\microsoft.windowsappsdk\1.4.231008000\lib\net6.0-windows10.0.18362.0\Microsoft.Windows.System.Power.Projection.dll" because AutoUnify is 'true'.
             Using this version instead of original version "6.0.0.0" in "C:\Users\UKGC\.nuget\packages\microsoft.windowsappsdk\1.4.231008000\lib\net6.0-windows10.0.18362.0\Microsoft.Windows.System.Projection.dll" because AutoUnify is 'true'.
             Using this version instead of original version "6.0.0.0" in "C:\Users\UKGC\.nuget\packages\microsoft.windowsappsdk\1.4.231008000\lib\net6.0-windows10.0.18362.0\Microsoft.Windows.Widgets.Providers.Projection.dll" because AutoUnify is 'true'.
             Resolved file path is "C:\Program Files\dotnet\packs\Microsoft.NETCore.App.Ref\10.0.9\ref\net10.0\System.Collections.Concurrent.dll".
             Reference found at search path location "{RawFileName}".
             This reference is not "CopyLocal" because at least one source item had "Private" set to "false" and no source items had "Private" set to "true".
         Primary reference "System.Collections.Immutable, Version=10.0.0.0, Culture=neutral, PublicKeyToken=b03f5f7f11d50a3a".
             Resolved file path is "C:\Program Files\dotnet\packs\Microsoft.NETCore.App.Ref\10.0.9\ref\net10.0\System.Collections.Immutable.dll".
             Reference found at search path location "{RawFileName}".
             This reference is not "CopyLocal" because at least one source item had "Private" set to "false" and no source items had "Private" set to "true".
         Primary reference "System.Collections.NonGeneric, Version=10.0.0.0, Culture=neutral, PublicKeyToken=b03f5f7f11d50a3a".
             Resolved file path is "C:\Program Files\dotnet\packs\Microsoft.NETCore.App.Ref\10.0.9\ref\net10.0\System.Collections.NonGeneric.dll".
             Reference found at search path location "{RawFileName}".
             This reference is not "CopyLocal" because at least one source item had "Private" set to "false" and no source items had "Private" set to "true".
         Primary reference "System.Collections.Specialized, Version=10.0.0.0, Culture=neutral, PublicKeyToken=b03f5f7f11d50a3a".
             Resolved file path is "C:\Program Files\dotnet\packs\Microsoft.NETCore.App.Ref\10.0.9\ref\net10.0\System.Collections.Specialized.dll".
             Reference found at search path location "{RawFileName}".
             This reference is not "CopyLocal" because at least one source item had "Private" set to "false" and no source items had "Private" set to "true".
         Unified primary reference "System.Collections, Version=10.0.0.0, Culture=neutral, PublicKeyToken=b03f5f7f11d50a3a".
             Using this version instead of original version "6.0.0.0" in "C:\Users\UKGC\.nuget\packages\microsoft.windowsappsdk\1.4.231008000\lib\net6.0-windows10.0.18362.0\Microsoft.InteractiveExperiences.Projection.dll" because AutoUnify is 'true'.
             Using this version instead of original version "6.0.0.0" in "C:\Users\UKGC\.nuget\packages\microsoft.windowsappsdk\1.4.231008000\lib\net6.0-windows10.0.18362.0\Microsoft.WinUI.dll" because AutoUnify is 'true'.
             Using this version instead of original version "6.0.0.0" in "C:\Users\UKGC\.nuget\packages\microsoft.windowsappsdk\1.4.231008000\lib\net6.0-windows10.0.18362.0\Microsoft.Windows.AppLifecycle.Projection.dll" because AutoUnify is 'true'.
             Using this version instead of original version "6.0.0.0" in "C:\Users\UKGC\.nuget\packages\microsoft.windowsappsdk\1.4.231008000\lib\net6.0-windows10.0.18362.0\Microsoft.Windows.AppNotifications.Builder.Projection.dll" because AutoUnify is 'true'.
             Using this version instead of original version "6.0.0.0" in "C:\Users\UKGC\.nuget\packages\microsoft.windowsappsdk\1.4.231008000\lib\net6.0-windows10.0.18362.0\Microsoft.Windows.AppNotifications.Projection.dll" because AutoUnify is 'true'.
             Using this version instead of original version "6.0.0.0" in "C:\Users\UKGC\.nuget\packages\microsoft.windowsappsdk\1.4.231008000\lib\net6.0-windows10.0.18362.0\Microsoft.Windows.ApplicationModel.DynamicDependency.Projection.dll" because AutoUnify is 'true'.
             Using this version instead of original version "6.0.0.0" in "C:\Users\UKGC\.nuget\packages\microsoft.windowsappsdk\1.4.231008000\lib\net6.0-windows10.0.18362.0\Microsoft.Windows.ApplicationModel.Resources.Projection.dll" because AutoUnify is 'true'.
             Using this version instead of original version "6.0.0.0" in "C:\Users\UKGC\.nuget\packages\microsoft.windowsappsdk\1.4.231008000\lib\net6.0-windows10.0.18362.0\Microsoft.Windows.ApplicationModel.WindowsAppRuntime.Projection.dll" because AutoUnify is 'true'.
             Using this version instead of original version "6.0.0.0" in "C:\Users\UKGC\.nuget\packages\microsoft.windowsappsdk\1.4.231008000\lib\net6.0-windows10.0.18362.0\Microsoft.Windows.PushNotifications.Projection.dll" because AutoUnify is 'true'.
             Using this version instead of original version "6.0.0.0" in "C:\Users\UKGC\.nuget\packages\microsoft.windowsappsdk\1.4.231008000\lib\net6.0-windows10.0.18362.0\Microsoft.Windows.Security.AccessControl.Projection.dll" because AutoUnify is 'true'.
             Using this version instead of original version "6.0.0.0" in "C:\Users\UKGC\.nuget\packages\microsoft.windowsappsdk\1.4.231008000\lib\net6.0-windows10.0.18362.0\Microsoft.Windows.System.Power.Projection.dll" because AutoUnify is 'true'.
             Using this version instead of original version "6.0.0.0" in "C:\Users\UKGC\.nuget\packages\microsoft.windowsappsdk\1.4.231008000\lib\net6.0-windows10.0.18362.0\Microsoft.Windows.System.Projection.dll" because AutoUnify is 'true'.
             Using this version instead of original version "6.0.0.0" in "C:\Users\UKGC\.nuget\packages\microsoft.windowsappsdk\1.4.231008000\lib\net6.0-windows10.0.18362.0\Microsoft.Windows.Widgets.Providers.Projection.dll" because AutoUnify is 'true'.
             Resolved file path is "C:\Program Files\dotnet\packs\Microsoft.NETCore.App.Ref\10.0.9\ref\net10.0\System.Collections.dll".
             Reference found at search path location "{RawFileName}".
             This reference is not "CopyLocal" because at least one source item had "Private" set to "false" and no source items had "Private" set to "true".
         Primary reference "System.ComponentModel.Annotations, Version=10.0.0.0, Culture=neutral, PublicKeyToken=b03f5f7f11d50a3a".
             Resolved file path is "C:\Program Files\dotnet\packs\Microsoft.NETCore.App.Ref\10.0.9\ref\net10.0\System.ComponentModel.Annotations.dll".
             Reference found at search path location "{RawFileName}".
             This reference is not "CopyLocal" because at least one source item had "Private" set to "false" and no source items had "Private" set to "true".
         Primary reference "System.ComponentModel.DataAnnotations, Version=4.0.0.0, Culture=neutral, PublicKeyToken=31bf3856ad364e35".
             Resolved file path is "C:\Program Files\dotnet\packs\Microsoft.NETCore.App.Ref\10.0.9\ref\net10.0\System.ComponentModel.DataAnnotations.dll".
             Reference found at search path location "{RawFileName}".
             This reference is not "CopyLocal" because at least one source item had "Private" set to "false" and no source items had "Private" set to "true".
         Primary reference "System.ComponentModel.EventBasedAsync, Version=10.0.0.0, Culture=neutral, PublicKeyToken=b03f5f7f11d50a3a".
             Resolved file path is "C:\Program Files\dotnet\packs\Microsoft.NETCore.App.Ref\10.0.9\ref\net10.0\System.ComponentModel.EventBasedAsync.dll".
             Reference found at search path location "{RawFileName}".
             This reference is not "CopyLocal" because at least one source item had "Private" set to "false" and no source items had "Private" set to "true".
         Primary reference "System.ComponentModel.Primitives, Version=10.0.0.0, Culture=neutral, PublicKeyToken=b03f5f7f11d50a3a".
             Resolved file path is "C:\Program Files\dotnet\packs\Microsoft.NETCore.App.Ref\10.0.9\ref\net10.0\System.ComponentModel.Primitives.dll".
             Reference found at search path location "{RawFileName}".
             This reference is not "CopyLocal" because at least one source item had "Private" set to "false" and no source items had "Private" set to "true".
         Primary reference "System.ComponentModel.TypeConverter, Version=10.0.0.0, Culture=neutral, PublicKeyToken=b03f5f7f11d50a3a".
             Resolved file path is "C:\Program Files\dotnet\packs\Microsoft.NETCore.App.Ref\10.0.9\ref\net10.0\System.ComponentModel.TypeConverter.dll".
             Reference found at search path location "{RawFileName}".
             This reference is not "CopyLocal" because at least one source item had "Private" set to "false" and no source items had "Private" set to "true".
         Primary reference "System.ComponentModel, Version=10.0.0.0, Culture=neutral, PublicKeyToken=b03f5f7f11d50a3a".
             Resolved file path is "C:\Program Files\dotnet\packs\Microsoft.NETCore.App.Ref\10.0.9\ref\net10.0\System.ComponentModel.dll".
             Reference found at search path location "{RawFileName}".
             This reference is not "CopyLocal" because at least one source item had "Private" set to "false" and no source items had "Private" set to "true".
         Primary reference "System.Configuration, Version=4.0.0.0, Culture=neutral, PublicKeyToken=b03f5f7f11d50a3a".
             Resolved file path is "C:\Program Files\dotnet\packs\Microsoft.NETCore.App.Ref\10.0.9\ref\net10.0\System.Configuration.dll".
             Reference found at search path location "{RawFileName}".
             This reference is not "CopyLocal" because at least one source item had "Private" set to "false" and no source items had "Private" set to "true".
         Primary reference "System.Console, Version=10.0.0.0, Culture=neutral, PublicKeyToken=b03f5f7f11d50a3a".
             Resolved file path is "C:\Program Files\dotnet\packs\Microsoft.NETCore.App.Ref\10.0.9\ref\net10.0\System.Console.dll".
             Reference found at search path location "{RawFileName}".
             This reference is not "CopyLocal" because at least one source item had "Private" set to "false" and no source items had "Private" set to "true".
         Unified primary reference "System.Core, Version=4.0.0.0, Culture=neutral, PublicKeyToken=b77a5c561934e089".
             Using this version instead of original version "3.5.0.0" in "C:\Users\UKGC\.nuget\packages\cscore\1.2.1.2\lib\net35-client\CSCore.dll" because AutoUnify is 'true'.
             Resolved file path is "C:\Program Files\dotnet\packs\Microsoft.NETCore.App.Ref\10.0.9\ref\net10.0\System.Core.dll".
             Reference found at search path location "{RawFileName}".
             This reference is not "CopyLocal" because at least one source item had "Private" set to "false" and no source items had "Private" set to "true".
         Primary reference "System.Data.Common, Version=10.0.0.0, Culture=neutral, PublicKeyToken=b03f5f7f11d50a3a".
             Resolved file path is "C:\Program Files\dotnet\packs\Microsoft.NETCore.App.Ref\10.0.9\ref\net10.0\System.Data.Common.dll".
             Reference found at search path location "{RawFileName}".
             This reference is not "CopyLocal" because at least one source item had "Private" set to "false" and no source items had "Private" set to "true".
         Primary reference "System.Data.DataSetExtensions, Version=10.0.0.0, Culture=neutral, PublicKeyToken=b77a5c561934e089".
             Resolved file path is "C:\Program Files\dotnet\packs\Microsoft.NETCore.App.Ref\10.0.9\ref\net10.0\System.Data.DataSetExtensions.dll".
             Reference found at search path location "{RawFileName}".
             This reference is not "CopyLocal" because at least one source item had "Private" set to "false" and no source items had "Private" set to "true".
         Primary reference "System.Data, Version=4.0.0.0, Culture=neutral, PublicKeyToken=b77a5c561934e089".
             Resolved file path is "C:\Program Files\dotnet\packs\Microsoft.NETCore.App.Ref\10.0.9\ref\net10.0\System.Data.dll".
             Reference found at search path location "{RawFileName}".
             This reference is not "CopyLocal" because at least one source item had "Private" set to "false" and no source items had "Private" set to "true".
         Primary reference "System.Diagnostics.Contracts, Version=10.0.0.0, Culture=neutral, PublicKeyToken=b03f5f7f11d50a3a".
             Resolved file path is "C:\Program Files\dotnet\packs\Microsoft.NETCore.App.Ref\10.0.9\ref\net10.0\System.Diagnostics.Contracts.dll".
             Reference found at search path location "{RawFileName}".
             This reference is not "CopyLocal" because at least one source item had "Private" set to "false" and no source items had "Private" set to "true".
         Primary reference "System.Diagnostics.Debug, Version=10.0.0.0, Culture=neutral, PublicKeyToken=b03f5f7f11d50a3a".
             Resolved file path is "C:\Program Files\dotnet\packs\Microsoft.NETCore.App.Ref\10.0.9\ref\net10.0\System.Diagnostics.Debug.dll".
             Reference found at search path location "{RawFileName}".
             This reference is not "CopyLocal" because at least one source item had "Private" set to "false" and no source items had "Private" set to "true".
         Primary reference "System.Diagnostics.DiagnosticSource, Version=10.0.0.0, Culture=neutral, PublicKeyToken=cc7b13ffcd2ddd51".
             Resolved file path is "C:\Program Files\dotnet\packs\Microsoft.NETCore.App.Ref\10.0.9\ref\net10.0\System.Diagnostics.DiagnosticSource.dll".
             Reference found at search path location "{RawFileName}".
             This reference is not "CopyLocal" because at least one source item had "Private" set to "false" and no source items had "Private" set to "true".
         Primary reference "System.Diagnostics.FileVersionInfo, Version=10.0.0.0, Culture=neutral, PublicKeyToken=b03f5f7f11d50a3a".
             Resolved file path is "C:\Program Files\dotnet\packs\Microsoft.NETCore.App.Ref\10.0.9\ref\net10.0\System.Diagnostics.FileVersionInfo.dll".
             Reference found at search path location "{RawFileName}".
             This reference is not "CopyLocal" because at least one source item had "Private" set to "false" and no source items had "Private" set to "true".
         Primary reference "System.Diagnostics.Process, Version=10.0.0.0, Culture=neutral, PublicKeyToken=b03f5f7f11d50a3a".
             Resolved file path is "C:\Program Files\dotnet\packs\Microsoft.NETCore.App.Ref\10.0.9\ref\net10.0\System.Diagnostics.Process.dll".
             Reference found at search path location "{RawFileName}".
             This reference is not "CopyLocal" because at least one source item had "Private" set to "false" and no source items had "Private" set to "true".
         Primary reference "System.Diagnostics.StackTrace, Version=10.0.0.0, Culture=neutral, PublicKeyToken=b03f5f7f11d50a3a".
             Resolved file path is "C:\Program Files\dotnet\packs\Microsoft.NETCore.App.Ref\10.0.9\ref\net10.0\System.Diagnostics.StackTrace.dll".
             Reference found at search path location "{RawFileName}".
             This reference is not "CopyLocal" because at least one source item had "Private" set to "false" and no source items had "Private" set to "true".
         Primary reference "System.Diagnostics.TextWriterTraceListener, Version=10.0.0.0, Culture=neutral, PublicKeyToken=b03f5f7f11d50a3a".
             Resolved file path is "C:\Program Files\dotnet\packs\Microsoft.NETCore.App.Ref\10.0.9\ref\net10.0\System.Diagnostics.TextWriterTraceListener.dll".
             Reference found at search path location "{RawFileName}".
             This reference is not "CopyLocal" because at least one source item had "Private" set to "false" and no source items had "Private" set to "true".
         Primary reference "System.Diagnostics.Tools, Version=10.0.0.0, Culture=neutral, PublicKeyToken=b03f5f7f11d50a3a".
             Resolved file path is "C:\Program Files\dotnet\packs\Microsoft.NETCore.App.Ref\10.0.9\ref\net10.0\System.Diagnostics.Tools.dll".
             Reference found at search path location "{RawFileName}".
             This reference is not "CopyLocal" because at least one source item had "Private" set to "false" and no source items had "Private" set to "true".
         Primary reference "System.Diagnostics.TraceSource, Version=10.0.0.0, Culture=neutral, PublicKeyToken=b03f5f7f11d50a3a".
             Resolved file path is "C:\Program Files\dotnet\packs\Microsoft.NETCore.App.Ref\10.0.9\ref\net10.0\System.Diagnostics.TraceSource.dll".
             Reference found at search path location "{RawFileName}".
             This reference is not "CopyLocal" because at least one source item had "Private" set to "false" and no source items had "Private" set to "true".
         Primary reference "System.Diagnostics.Tracing, Version=10.0.0.0, Culture=neutral, PublicKeyToken=b03f5f7f11d50a3a".
             Resolved file path is "C:\Program Files\dotnet\packs\Microsoft.NETCore.App.Ref\10.0.9\ref\net10.0\System.Diagnostics.Tracing.dll".
             Reference found at search path location "{RawFileName}".
             This reference is not "CopyLocal" because at least one source item had "Private" set to "false" and no source items had "Private" set to "true".
         Primary reference "System.Drawing.Primitives, Version=10.0.0.0, Culture=neutral, PublicKeyToken=b03f5f7f11d50a3a".
             Resolved file path is "C:\Program Files\dotnet\packs\Microsoft.NETCore.App.Ref\10.0.9\ref\net10.0\System.Drawing.Primitives.dll".
             Reference found at search path location "{RawFileName}".
             This reference is not "CopyLocal" because at least one source item had "Private" set to "false" and no source items had "Private" set to "true".
         Unified primary reference "System.Drawing, Version=4.0.0.0, Culture=neutral, PublicKeyToken=b03f5f7f11d50a3a".
             Using this version instead of original version "2.0.0.0" in "C:\Users\UKGC\.nuget\packages\cscore\1.2.1.2\lib\net35-client\CSCore.dll" because AutoUnify is 'true'.
             Resolved file path is "C:\Program Files\dotnet\packs\Microsoft.NETCore.App.Ref\10.0.9\ref\net10.0\System.Drawing.dll".
             Reference found at search path location "{RawFileName}".
             This reference is not "CopyLocal" because at least one source item had "Private" set to "false" and no source items had "Private" set to "true".
         Primary reference "System.Dynamic.Runtime, Version=10.0.0.0, Culture=neutral, PublicKeyToken=b03f5f7f11d50a3a".
             Resolved file path is "C:\Program Files\dotnet\packs\Microsoft.NETCore.App.Ref\10.0.9\ref\net10.0\System.Dynamic.Runtime.dll".
             Reference found at search path location "{RawFileName}".
             This reference is not "CopyLocal" because at least one source item had "Private" set to "false" and no source items had "Private" set to "true".
         Primary reference "System.Formats.Asn1, Version=10.0.0.0, Culture=neutral, PublicKeyToken=cc7b13ffcd2ddd51".
             Resolved file path is "C:\Program Files\dotnet\packs\Microsoft.NETCore.App.Ref\10.0.9\ref\net10.0\System.Formats.Asn1.dll".
             Reference found at search path location "{RawFileName}".
             This reference is not "CopyLocal" because at least one source item had "Private" set to "false" and no source items had "Private" set to "true".
         Primary reference "System.Formats.Tar, Version=10.0.0.0, Culture=neutral, PublicKeyToken=cc7b13ffcd2ddd51".
             Resolved file path is "C:\Program Files\dotnet\packs\Microsoft.NETCore.App.Ref\10.0.9\ref\net10.0\System.Formats.Tar.dll".
             Reference found at search path location "{RawFileName}".
             This reference is not "CopyLocal" because at least one source item had "Private" set to "false" and no source items had "Private" set to "true".
         Primary reference "System.Globalization.Calendars, Version=10.0.0.0, Culture=neutral, PublicKeyToken=b03f5f7f11d50a3a".
             Resolved file path is "C:\Program Files\dotnet\packs\Microsoft.NETCore.App.Ref\10.0.9\ref\net10.0\System.Globalization.Calendars.dll".
             Reference found at search path location "{RawFileName}".
             This reference is not "CopyLocal" because at least one source item had "Private" set to "false" and no source items had "Private" set to "true".
         Primary reference "System.Globalization.Extensions, Version=10.0.0.0, Culture=neutral, PublicKeyToken=b03f5f7f11d50a3a".
             Resolved file path is "C:\Program Files\dotnet\packs\Microsoft.NETCore.App.Ref\10.0.9\ref\net10.0\System.Globalization.Extensions.dll".
             Reference found at search path location "{RawFileName}".
             This reference is not "CopyLocal" because at least one source item had "Private" set to "false" and no source items had "Private" set to "true".
         Primary reference "System.Globalization, Version=10.0.0.0, Culture=neutral, PublicKeyToken=b03f5f7f11d50a3a".
             Resolved file path is "C:\Program Files\dotnet\packs\Microsoft.NETCore.App.Ref\10.0.9\ref\net10.0\System.Globalization.dll".
             Reference found at search path location "{RawFileName}".
             This reference is not "CopyLocal" because at least one source item had "Private" set to "false" and no source items had "Private" set to "true".
         Primary reference "System.IO.Compression.Brotli, Version=10.0.0.0, Culture=neutral, PublicKeyToken=b77a5c561934e089".
             Resolved file path is "C:\Program Files\dotnet\packs\Microsoft.NETCore.App.Ref\10.0.9\ref\net10.0\System.IO.Compression.Brotli.dll".
             Reference found at search path location "{RawFileName}".
             This reference is not "CopyLocal" because at least one source item had "Private" set to "false" and no source items had "Private" set to "true".
         Primary reference "System.IO.Compression.FileSystem, Version=4.0.0.0, Culture=neutral, PublicKeyToken=b77a5c561934e089".
             Resolved file path is "C:\Program Files\dotnet\packs\Microsoft.NETCore.App.Ref\10.0.9\ref\net10.0\System.IO.Compression.FileSystem.dll".
             Reference found at search path location "{RawFileName}".
             This reference is not "CopyLocal" because at least one source item had "Private" set to "false" and no source items had "Private" set to "true".
         Primary reference "System.IO.Compression.ZipFile, Version=10.0.0.0, Culture=neutral, PublicKeyToken=b77a5c561934e089".
             Resolved file path is "C:\Program Files\dotnet\packs\Microsoft.NETCore.App.Ref\10.0.9\ref\net10.0\System.IO.Compression.ZipFile.dll".
             Reference found at search path location "{RawFileName}".
             This reference is not "CopyLocal" because at least one source item had "Private" set to "false" and no source items had "Private" set to "true".
         Primary reference "System.IO.Compression, Version=10.0.0.0, Culture=neutral, PublicKeyToken=b77a5c561934e089".
             Resolved file path is "C:\Program Files\dotnet\packs\Microsoft.NETCore.App.Ref\10.0.9\ref\net10.0\System.IO.Compression.dll".
             Reference found at search path location "{RawFileName}".
             This reference is not "CopyLocal" because at least one source item had "Private" set to "false" and no source items had "Private" set to "true".
         Primary reference "System.IO.FileSystem.AccessControl, Version=10.0.0.0, Culture=neutral, PublicKeyToken=b03f5f7f11d50a3a".
             Resolved file path is "C:\Program Files\dotnet\packs\Microsoft.NETCore.App.Ref\10.0.9\ref\net10.0\System.IO.FileSystem.AccessControl.dll".
             Reference found at search path location "{RawFileName}".
             This reference is not "CopyLocal" because at least one source item had "Private" set to "false" and no source items had "Private" set to "true".
         Primary reference "System.IO.FileSystem.DriveInfo, Version=10.0.0.0, Culture=neutral, PublicKeyToken=b03f5f7f11d50a3a".
             Resolved file path is "C:\Program Files\dotnet\packs\Microsoft.NETCore.App.Ref\10.0.9\ref\net10.0\System.IO.FileSystem.DriveInfo.dll".
             Reference found at search path location "{RawFileName}".
             This reference is not "CopyLocal" because at least one source item had "Private" set to "false" and no source items had "Private" set to "true".
         Primary reference "System.IO.FileSystem.Primitives, Version=10.0.0.0, Culture=neutral, PublicKeyToken=b03f5f7f11d50a3a".
             Resolved file path is "C:\Program Files\dotnet\packs\Microsoft.NETCore.App.Ref\10.0.9\ref\net10.0\System.IO.FileSystem.Primitives.dll".
             Reference found at search path location "{RawFileName}".
             This reference is not "CopyLocal" because at least one source item had "Private" set to "false" and no source items had "Private" set to "true".
         Primary reference "System.IO.FileSystem.Watcher, Version=10.0.0.0, Culture=neutral, PublicKeyToken=b03f5f7f11d50a3a".
             Resolved file path is "C:\Program Files\dotnet\packs\Microsoft.NETCore.App.Ref\10.0.9\ref\net10.0\System.IO.FileSystem.Watcher.dll".
             Reference found at search path location "{RawFileName}".
             This reference is not "CopyLocal" because at least one source item had "Private" set to "false" and no source items had "Private" set to "true".
         Primary reference "System.IO.FileSystem, Version=10.0.0.0, Culture=neutral, PublicKeyToken=b03f5f7f11d50a3a".
             Resolved file path is "C:\Program Files\dotnet\packs\Microsoft.NETCore.App.Ref\10.0.9\ref\net10.0\System.IO.FileSystem.dll".
             Reference found at search path location "{RawFileName}".
             This reference is not "CopyLocal" because at least one source item had "Private" set to "false" and no source items had "Private" set to "true".
         Primary reference "System.IO.IsolatedStorage, Version=10.0.0.0, Culture=neutral, PublicKeyToken=b03f5f7f11d50a3a".
             Resolved file path is "C:\Program Files\dotnet\packs\Microsoft.NETCore.App.Ref\10.0.9\ref\net10.0\System.IO.IsolatedStorage.dll".
             Reference found at search path location "{RawFileName}".
             This reference is not "CopyLocal" because at least one source item had "Private" set to "false" and no source items had "Private" set to "true".
         Primary reference "System.IO.MemoryMappedFiles, Version=10.0.0.0, Culture=neutral, PublicKeyToken=b03f5f7f11d50a3a".
             Resolved file path is "C:\Program Files\dotnet\packs\Microsoft.NETCore.App.Ref\10.0.9\ref\net10.0\System.IO.MemoryMappedFiles.dll".
             Reference found at search path location "{RawFileName}".
             This reference is not "CopyLocal" because at least one source item had "Private" set to "false" and no source items had "Private" set to "true".
         Primary reference "System.IO.Pipelines, Version=10.0.0.0, Culture=neutral, PublicKeyToken=cc7b13ffcd2ddd51".
             Resolved file path is "C:\Program Files\dotnet\packs\Microsoft.NETCore.App.Ref\10.0.9\ref\net10.0\System.IO.Pipelines.dll".
             Reference found at search path location "{RawFileName}".
             This reference is not "CopyLocal" because at least one source item had "Private" set to "false" and no source items had "Private" set to "true".
         Primary reference "System.IO.Pipes.AccessControl, Version=10.0.0.0, Culture=neutral, PublicKeyToken=b03f5f7f11d50a3a".
             Resolved file path is "C:\Program Files\dotnet\packs\Microsoft.NETCore.App.Ref\10.0.9\ref\net10.0\System.IO.Pipes.AccessControl.dll".
             Reference found at search path location "{RawFileName}".
             This reference is not "CopyLocal" because at least one source item had "Private" set to "false" and no source items had "Private" set to "true".
         Primary reference "System.IO.Pipes, Version=10.0.0.0, Culture=neutral, PublicKeyToken=b03f5f7f11d50a3a".
             Resolved file path is "C:\Program Files\dotnet\packs\Microsoft.NETCore.App.Ref\10.0.9\ref\net10.0\System.IO.Pipes.dll".
             Reference found at search path location "{RawFileName}".
             This reference is not "CopyLocal" because at least one source item had "Private" set to "false" and no source items had "Private" set to "true".
         Primary reference "System.IO.UnmanagedMemoryStream, Version=10.0.0.0, Culture=neutral, PublicKeyToken=b03f5f7f11d50a3a".
             Resolved file path is "C:\Program Files\dotnet\packs\Microsoft.NETCore.App.Ref\10.0.9\ref\net10.0\System.IO.UnmanagedMemoryStream.dll".
             Reference found at search path location "{RawFileName}".
             This reference is not "CopyLocal" because at least one source item had "Private" set to "false" and no source items had "Private" set to "true".
         Primary reference "System.IO, Version=10.0.0.0, Culture=neutral, PublicKeyToken=b03f5f7f11d50a3a".
             Resolved file path is "C:\Program Files\dotnet\packs\Microsoft.NETCore.App.Ref\10.0.9\ref\net10.0\System.IO.dll".
             Reference found at search path location "{RawFileName}".
             This reference is not "CopyLocal" because at least one source item had "Private" set to "false" and no source items had "Private" set to "true".
         Primary reference "System.Linq.AsyncEnumerable, Version=10.0.0.0, Culture=neutral, PublicKeyToken=b03f5f7f11d50a3a".
             Resolved file path is "C:\Program Files\dotnet\packs\Microsoft.NETCore.App.Ref\10.0.9\ref\net10.0\System.Linq.AsyncEnumerable.dll".
             Reference found at search path location "{RawFileName}".
             This reference is not "CopyLocal" because at least one source item had "Private" set to "false" and no source items had "Private" set to "true".
         Primary reference "System.Linq.Expressions, Version=10.0.0.0, Culture=neutral, PublicKeyToken=b03f5f7f11d50a3a".
             Resolved file path is "C:\Program Files\dotnet\packs\Microsoft.NETCore.App.Ref\10.0.9\ref\net10.0\System.Linq.Expressions.dll".
             Reference found at search path location "{RawFileName}".
             This reference is not "CopyLocal" because at least one source item had "Private" set to "false" and no source items had "Private" set to "true".
         Primary reference "System.Linq.Parallel, Version=10.0.0.0, Culture=neutral, PublicKeyToken=b03f5f7f11d50a3a".
             Resolved file path is "C:\Program Files\dotnet\packs\Microsoft.NETCore.App.Ref\10.0.9\ref\net10.0\System.Linq.Parallel.dll".
             Reference found at search path location "{RawFileName}".
             This reference is not "CopyLocal" because at least one source item had "Private" set to "false" and no source items had "Private" set to "true".
         Primary reference "System.Linq.Queryable, Version=10.0.0.0, Culture=neutral, PublicKeyToken=b03f5f7f11d50a3a".
             Resolved file path is "C:\Program Files\dotnet\packs\Microsoft.NETCore.App.Ref\10.0.9\ref\net10.0\System.Linq.Queryable.dll".
             Reference found at search path location "{RawFileName}".
             This reference is not "CopyLocal" because at least one source item had "Private" set to "false" and no source items had "Private" set to "true".
         Primary reference "System.Linq, Version=10.0.0.0, Culture=neutral, PublicKeyToken=b03f5f7f11d50a3a".
             Resolved file path is "C:\Program Files\dotnet\packs\Microsoft.NETCore.App.Ref\10.0.9\ref\net10.0\System.Linq.dll".
             Reference found at search path location "{RawFileName}".
             This reference is not "CopyLocal" because at least one source item had "Private" set to "false" and no source items had "Private" set to "true".
         Primary reference "System.Memory, Version=10.0.0.0, Culture=neutral, PublicKeyToken=cc7b13ffcd2ddd51".
             Resolved file path is "C:\Program Files\dotnet\packs\Microsoft.NETCore.App.Ref\10.0.9\ref\net10.0\System.Memory.dll".
             Reference found at search path location "{RawFileName}".
             This reference is not "CopyLocal" because at least one source item had "Private" set to "false" and no source items had "Private" set to "true".
         Primary reference "System.Net.Http.Json, Version=10.0.0.0, Culture=neutral, PublicKeyToken=cc7b13ffcd2ddd51".
             Resolved file path is "C:\Program Files\dotnet\packs\Microsoft.NETCore.App.Ref\10.0.9\ref\net10.0\System.Net.Http.Json.dll".
             Reference found at search path location "{RawFileName}".
             This reference is not "CopyLocal" because at least one source item had "Private" set to "false" and no source items had "Private" set to "true".
         Primary reference "System.Net.Http, Version=10.0.0.0, Culture=neutral, PublicKeyToken=b03f5f7f11d50a3a".
             Resolved file path is "C:\Program Files\dotnet\packs\Microsoft.NETCore.App.Ref\10.0.9\ref\net10.0\System.Net.Http.dll".
             Reference found at search path location "{RawFileName}".
             This reference is not "CopyLocal" because at least one source item had "Private" set to "false" and no source items had "Private" set to "true".
         Primary reference "System.Net.HttpListener, Version=10.0.0.0, Culture=neutral, PublicKeyToken=cc7b13ffcd2ddd51".
             Resolved file path is "C:\Program Files\dotnet\packs\Microsoft.NETCore.App.Ref\10.0.9\ref\net10.0\System.Net.HttpListener.dll".
             Reference found at search path location "{RawFileName}".
             This reference is not "CopyLocal" because at least one source item had "Private" set to "false" and no source items had "Private" set to "true".
         Primary reference "System.Net.Mail, Version=10.0.0.0, Culture=neutral, PublicKeyToken=cc7b13ffcd2ddd51".
             Resolved file path is "C:\Program Files\dotnet\packs\Microsoft.NETCore.App.Ref\10.0.9\ref\net10.0\System.Net.Mail.dll".
             Reference found at search path location "{RawFileName}".
             This reference is not "CopyLocal" because at least one source item had "Private" set to "false" and no source items had "Private" set to "true".
         Primary reference "System.Net.NameResolution, Version=10.0.0.0, Culture=neutral, PublicKeyToken=b03f5f7f11d50a3a".
             Resolved file path is "C:\Program Files\dotnet\packs\Microsoft.NETCore.App.Ref\10.0.9\ref\net10.0\System.Net.NameResolution.dll".
             Reference found at search path location "{RawFileName}".
             This reference is not "CopyLocal" because at least one source item had "Private" set to "false" and no source items had "Private" set to "true".
         Primary reference "System.Net.NetworkInformation, Version=10.0.0.0, Culture=neutral, PublicKeyToken=b03f5f7f11d50a3a".
             Resolved file path is "C:\Program Files\dotnet\packs\Microsoft.NETCore.App.Ref\10.0.9\ref\net10.0\System.Net.NetworkInformation.dll".
             Reference found at search path location "{RawFileName}".
             This reference is not "CopyLocal" because at least one source item had "Private" set to "false" and no source items had "Private" set to "true".
         Primary reference "System.Net.Ping, Version=10.0.0.0, Culture=neutral, PublicKeyToken=b03f5f7f11d50a3a".
             Resolved file path is "C:\Program Files\dotnet\packs\Microsoft.NETCore.App.Ref\10.0.9\ref\net10.0\System.Net.Ping.dll".
             Reference found at search path location "{RawFileName}".
             This reference is not "CopyLocal" because at least one source item had "Private" set to "false" and no source items had "Private" set to "true".
         Primary reference "System.Net.Primitives, Version=10.0.0.0, Culture=neutral, PublicKeyToken=b03f5f7f11d50a3a".
             Resolved file path is "C:\Program Files\dotnet\packs\Microsoft.NETCore.App.Ref\10.0.9\ref\net10.0\System.Net.Primitives.dll".
             Reference found at search path location "{RawFileName}".
             This reference is not "CopyLocal" because at least one source item had "Private" set to "false" and no source items had "Private" set to "true".
         Primary reference "System.Net.Quic, Version=10.0.0.0, Culture=neutral, PublicKeyToken=b03f5f7f11d50a3a".
             Resolved file path is "C:\Program Files\dotnet\packs\Microsoft.NETCore.App.Ref\10.0.9\ref\net10.0\System.Net.Quic.dll".
             Reference found at search path location "{RawFileName}".
             This reference is not "CopyLocal" because at least one source item had "Private" set to "false" and no source items had "Private" set to "true".
         Primary reference "System.Net.Requests, Version=10.0.0.0, Culture=neutral, PublicKeyToken=b03f5f7f11d50a3a".
             Resolved file path is "C:\Program Files\dotnet\packs\Microsoft.NETCore.App.Ref\10.0.9\ref\net10.0\System.Net.Requests.dll".
             Reference found at search path location "{RawFileName}".
             This reference is not "CopyLocal" because at least one source item had "Private" set to "false" and no source items had "Private" set to "true".
         Primary reference "System.Net.Security, Version=10.0.0.0, Culture=neutral, PublicKeyToken=b03f5f7f11d50a3a".
             Resolved file path is "C:\Program Files\dotnet\packs\Microsoft.NETCore.App.Ref\10.0.9\ref\net10.0\System.Net.Security.dll".
             Reference found at search path location "{RawFileName}".
             This reference is not "CopyLocal" because at least one source item had "Private" set to "false" and no source items had "Private" set to "true".
         Primary reference "System.Net.ServerSentEvents, Version=10.0.0.0, Culture=neutral, PublicKeyToken=cc7b13ffcd2ddd51".
             Resolved file path is "C:\Program Files\dotnet\packs\Microsoft.NETCore.App.Ref\10.0.9\ref\net10.0\System.Net.ServerSentEvents.dll".
             Reference found at search path location "{RawFileName}".
             This reference is not "CopyLocal" because at least one source item had "Private" set to "false" and no source items had "Private" set to "true".
         Primary reference "System.Net.ServicePoint, Version=10.0.0.0, Culture=neutral, PublicKeyToken=cc7b13ffcd2ddd51".
             Resolved file path is "C:\Program Files\dotnet\packs\Microsoft.NETCore.App.Ref\10.0.9\ref\net10.0\System.Net.ServicePoint.dll".
             Reference found at search path location "{RawFileName}".
             This reference is not "CopyLocal" because at least one source item had "Private" set to "false" and no source items had "Private" set to "true".
         Primary reference "System.Net.Sockets, Version=10.0.0.0, Culture=neutral, PublicKeyToken=b03f5f7f11d50a3a".
             Resolved file path is "C:\Program Files\dotnet\packs\Microsoft.NETCore.App.Ref\10.0.9\ref\net10.0\System.Net.Sockets.dll".
             Reference found at search path location "{RawFileName}".
             This reference is not "CopyLocal" because at least one source item had "Private" set to "false" and no source items had "Private" set to "true".
         Primary reference "System.Net.WebClient, Version=10.0.0.0, Culture=neutral, PublicKeyToken=cc7b13ffcd2ddd51".
             Resolved file path is "C:\Program Files\dotnet\packs\Microsoft.NETCore.App.Ref\10.0.9\ref\net10.0\System.Net.WebClient.dll".
             Reference found at search path location "{RawFileName}".
             This reference is not "CopyLocal" because at least one source item had "Private" set to "false" and no source items had "Private" set to "true".
         Primary reference "System.Net.WebHeaderCollection, Version=10.0.0.0, Culture=neutral, PublicKeyToken=b03f5f7f11d50a3a".
             Resolved file path is "C:\Program Files\dotnet\packs\Microsoft.NETCore.App.Ref\10.0.9\ref\net10.0\System.Net.WebHeaderCollection.dll".
             Reference found at search path location "{RawFileName}".
             This reference is not "CopyLocal" because at least one source item had "Private" set to "false" and no source items had "Private" set to "true".
         Primary reference "System.Net.WebProxy, Version=10.0.0.0, Culture=neutral, PublicKeyToken=cc7b13ffcd2ddd51".
             Resolved file path is "C:\Program Files\dotnet\packs\Microsoft.NETCore.App.Ref\10.0.9\ref\net10.0\System.Net.WebProxy.dll".
             Reference found at search path location "{RawFileName}".
             This reference is not "CopyLocal" because at least one source item had "Private" set to "false" and no source items had "Private" set to "true".
         Primary reference "System.Net.WebSockets.Client, Version=10.0.0.0, Culture=neutral, PublicKeyToken=b03f5f7f11d50a3a".
             Resolved file path is "C:\Program Files\dotnet\packs\Microsoft.NETCore.App.Ref\10.0.9\ref\net10.0\System.Net.WebSockets.Client.dll".
             Reference found at search path location "{RawFileName}".
             This reference is not "CopyLocal" because at least one source item had "Private" set to "false" and no source items had "Private" set to "true".
         Primary reference "System.Net.WebSockets, Version=10.0.0.0, Culture=neutral, PublicKeyToken=b03f5f7f11d50a3a".
             Resolved file path is "C:\Program Files\dotnet\packs\Microsoft.NETCore.App.Ref\10.0.9\ref\net10.0\System.Net.WebSockets.dll".
             Reference found at search path location "{RawFileName}".
             This reference is not "CopyLocal" because at least one source item had "Private" set to "false" and no source items had "Private" set to "true".
         Primary reference "System.Net, Version=4.0.0.0, Culture=neutral, PublicKeyToken=b03f5f7f11d50a3a".
             Resolved file path is "C:\Program Files\dotnet\packs\Microsoft.NETCore.App.Ref\10.0.9\ref\net10.0\System.Net.dll".
             Reference found at search path location "{RawFileName}".
             This reference is not "CopyLocal" because at least one source item had "Private" set to "false" and no source items had "Private" set to "true".
         Unified primary reference "System.Numerics.Vectors, Version=10.0.0.0, Culture=neutral, PublicKeyToken=b03f5f7f11d50a3a".
             Using this version instead of original version "6.0.0.0" in "C:\Users\UKGC\.nuget\packages\microsoft.windowsappsdk\1.4.231008000\lib\net6.0-windows10.0.18362.0\Microsoft.InteractiveExperiences.Projection.dll" because AutoUnify is 'true'.
             Using this version instead of original version "6.0.0.0" in "C:\Users\UKGC\.nuget\packages\microsoft.windowsappsdk\1.4.231008000\lib\net6.0-windows10.0.18362.0\Microsoft.WinUI.dll" because AutoUnify is 'true'.
             Resolved file path is "C:\Program Files\dotnet\packs\Microsoft.NETCore.App.Ref\10.0.9\ref\net10.0\System.Numerics.Vectors.dll".
             Reference found at search path location "{RawFileName}".
             This reference is not "CopyLocal" because at least one source item had "Private" set to "false" and no source items had "Private" set to "true".
         Primary reference "System.Numerics, Version=4.0.0.0, Culture=neutral, PublicKeyToken=b77a5c561934e089".
             Resolved file path is "C:\Program Files\dotnet\packs\Microsoft.NETCore.App.Ref\10.0.9\ref\net10.0\System.Numerics.dll".
             Reference found at search path location "{RawFileName}".
             This reference is not "CopyLocal" because at least one source item had "Private" set to "false" and no source items had "Private" set to "true".
         Unified primary reference "System.ObjectModel, Version=10.0.0.0, Culture=neutral, PublicKeyToken=b03f5f7f11d50a3a".
             Using this version instead of original version "6.0.0.0" in "C:\Users\UKGC\.nuget\packages\microsoft.windowsappsdk\1.4.231008000\lib\net6.0-windows10.0.18362.0\Microsoft.WinUI.dll" because AutoUnify is 'true'.
             Resolved file path is "C:\Program Files\dotnet\packs\Microsoft.NETCore.App.Ref\10.0.9\ref\net10.0\System.ObjectModel.dll".
             Reference found at search path location "{RawFileName}".
             This reference is not "CopyLocal" because at least one source item had "Private" set to "false" and no source items had "Private" set to "true".
         Primary reference "System.Reflection.DispatchProxy, Version=10.0.0.0, Culture=neutral, PublicKeyToken=b03f5f7f11d50a3a".
             Resolved file path is "C:\Program Files\dotnet\packs\Microsoft.NETCore.App.Ref\10.0.9\ref\net10.0\System.Reflection.DispatchProxy.dll".
             Reference found at search path location "{RawFileName}".
             This reference is not "CopyLocal" because at least one source item had "Private" set to "false" and no source items had "Private" set to "true".
         Primary reference "System.Reflection.Emit.ILGeneration, Version=10.0.0.0, Culture=neutral, PublicKeyToken=b03f5f7f11d50a3a".
             Resolved file path is "C:\Program Files\dotnet\packs\Microsoft.NETCore.App.Ref\10.0.9\ref\net10.0\System.Reflection.Emit.ILGeneration.dll".
             Reference found at search path location "{RawFileName}".
             This reference is not "CopyLocal" because at least one source item had "Private" set to "false" and no source items had "Private" set to "true".
         Primary reference "System.Reflection.Emit.Lightweight, Version=10.0.0.0, Culture=neutral, PublicKeyToken=b03f5f7f11d50a3a".
             Resolved file path is "C:\Program Files\dotnet\packs\Microsoft.NETCore.App.Ref\10.0.9\ref\net10.0\System.Reflection.Emit.Lightweight.dll".
             Reference found at search path location "{RawFileName}".
             This reference is not "CopyLocal" because at least one source item had "Private" set to "false" and no source items had "Private" set to "true".
         Primary reference "System.Reflection.Emit, Version=10.0.0.0, Culture=neutral, PublicKeyToken=b03f5f7f11d50a3a".
             Resolved file path is "C:\Program Files\dotnet\packs\Microsoft.NETCore.App.Ref\10.0.9\ref\net10.0\System.Reflection.Emit.dll".
             Reference found at search path location "{RawFileName}".
             This reference is not "CopyLocal" because at least one source item had "Private" set to "false" and no source items had "Private" set to "true".
         Primary reference "System.Reflection.Extensions, Version=10.0.0.0, Culture=neutral, PublicKeyToken=b03f5f7f11d50a3a".
             Resolved file path is "C:\Program Files\dotnet\packs\Microsoft.NETCore.App.Ref\10.0.9\ref\net10.0\System.Reflection.Extensions.dll".
             Reference found at search path location "{RawFileName}".
             This reference is not "CopyLocal" because at least one source item had "Private" set to "false" and no source items had "Private" set to "true".
         Primary reference "System.Reflection.Metadata, Version=10.0.0.0, Culture=neutral, PublicKeyToken=b03f5f7f11d50a3a".
             Resolved file path is "C:\Program Files\dotnet\packs\Microsoft.NETCore.App.Ref\10.0.9\ref\net10.0\System.Reflection.Metadata.dll".
             Reference found at search path location "{RawFileName}".
             This reference is not "CopyLocal" because at least one source item had "Private" set to "false" and no source items had "Private" set to "true".
         Primary reference "System.Reflection.Primitives, Version=10.0.0.0, Culture=neutral, PublicKeyToken=b03f5f7f11d50a3a".
             Resolved file path is "C:\Program Files\dotnet\packs\Microsoft.NETCore.App.Ref\10.0.9\ref\net10.0\System.Reflection.Primitives.dll".
             Reference found at search path location "{RawFileName}".
             This reference is not "CopyLocal" because at least one source item had "Private" set to "false" and no source items had "Private" set to "true".
         Primary reference "System.Reflection.TypeExtensions, Version=10.0.0.0, Culture=neutral, PublicKeyToken=b03f5f7f11d50a3a".
             Resolved file path is "C:\Program Files\dotnet\packs\Microsoft.NETCore.App.Ref\10.0.9\ref\net10.0\System.Reflection.TypeExtensions.dll".
             Reference found at search path location "{RawFileName}".
             This reference is not "CopyLocal" because at least one source item had "Private" set to "false" and no source items had "Private" set to "true".
         Primary reference "System.Reflection, Version=10.0.0.0, Culture=neutral, PublicKeyToken=b03f5f7f11d50a3a".
             Resolved file path is "C:\Program Files\dotnet\packs\Microsoft.NETCore.App.Ref\10.0.9\ref\net10.0\System.Reflection.dll".
             Reference found at search path location "{RawFileName}".
             This reference is not "CopyLocal" because at least one source item had "Private" set to "false" and no source items had "Private" set to "true".
         Primary reference "System.Resources.Reader, Version=10.0.0.0, Culture=neutral, PublicKeyToken=b03f5f7f11d50a3a".
             Resolved file path is "C:\Program Files\dotnet\packs\Microsoft.NETCore.App.Ref\10.0.9\ref\net10.0\System.Resources.Reader.dll".
             Reference found at search path location "{RawFileName}".
             This reference is not "CopyLocal" because at least one source item had "Private" set to "false" and no source items had "Private" set to "true".
         Primary reference "System.Resources.ResourceManager, Version=10.0.0.0, Culture=neutral, PublicKeyToken=b03f5f7f11d50a3a".
             Resolved file path is "C:\Program Files\dotnet\packs\Microsoft.NETCore.App.Ref\10.0.9\ref\net10.0\System.Resources.ResourceManager.dll".
             Reference found at search path location "{RawFileName}".
             This reference is not "CopyLocal" because at least one source item had "Private" set to "false" and no source items had "Private" set to "true".
         Primary reference "System.Resources.Writer, Version=10.0.0.0, Culture=neutral, PublicKeyToken=b03f5f7f11d50a3a".
             Resolved file path is "C:\Program Files\dotnet\packs\Microsoft.NETCore.App.Ref\10.0.9\ref\net10.0\System.Resources.Writer.dll".
             Reference found at search path location "{RawFileName}".
             This reference is not "CopyLocal" because at least one source item had "Private" set to "false" and no source items had "Private" set to "true".
         Primary reference "System.Runtime.CompilerServices.Unsafe, Version=10.0.0.0, Culture=neutral, PublicKeyToken=b03f5f7f11d50a3a".
             Resolved file path is "C:\Program Files\dotnet\packs\Microsoft.NETCore.App.Ref\10.0.9\ref\net10.0\System.Runtime.CompilerServices.Unsafe.dll".
             Reference found at search path location "{RawFileName}".
             This reference is not "CopyLocal" because at least one source item had "Private" set to "false" and no source items had "Private" set to "true".
         Primary reference "System.Runtime.CompilerServices.VisualC, Version=10.0.0.0, Culture=neutral, PublicKeyToken=b03f5f7f11d50a3a".
             Resolved file path is "C:\Program Files\dotnet\packs\Microsoft.NETCore.App.Ref\10.0.9\ref\net10.0\System.Runtime.CompilerServices.VisualC.dll".
             Reference found at search path location "{RawFileName}".
             This reference is not "CopyLocal" because at least one source item had "Private" set to "false" and no source items had "Private" set to "true".
         Primary reference "System.Runtime.Extensions, Version=10.0.0.0, Culture=neutral, PublicKeyToken=b03f5f7f11d50a3a".
             Resolved file path is "C:\Program Files\dotnet\packs\Microsoft.NETCore.App.Ref\10.0.9\ref\net10.0\System.Runtime.Extensions.dll".
             Reference found at search path location "{RawFileName}".
             This reference is not "CopyLocal" because at least one source item had "Private" set to "false" and no source items had "Private" set to "true".
         Primary reference "System.Runtime.Handles, Version=10.0.0.0, Culture=neutral, PublicKeyToken=b03f5f7f11d50a3a".
             Resolved file path is "C:\Program Files\dotnet\packs\Microsoft.NETCore.App.Ref\10.0.9\ref\net10.0\System.Runtime.Handles.dll".
             Reference found at search path location "{RawFileName}".
             This reference is not "CopyLocal" because at least one source item had "Private" set to "false" and no source items had "Private" set to "true".
         Primary reference "System.Runtime.InteropServices.JavaScript, Version=10.0.0.0, Culture=neutral, PublicKeyToken=b03f5f7f11d50a3a".
             Resolved file path is "C:\Program Files\dotnet\packs\Microsoft.NETCore.App.Ref\10.0.9\ref\net10.0\System.Runtime.InteropServices.JavaScript.dll".
             Reference found at search path location "{RawFileName}".
             This reference is not "CopyLocal" because at least one source item had "Private" set to "false" and no source items had "Private" set to "true".
         Primary reference "System.Runtime.InteropServices.RuntimeInformation, Version=10.0.0.0, Culture=neutral, PublicKeyToken=b03f5f7f11d50a3a".
             Resolved file path is "C:\Program Files\dotnet\packs\Microsoft.NETCore.App.Ref\10.0.9\ref\net10.0\System.Runtime.InteropServices.RuntimeInformation.dll".
             Reference found at search path location "{RawFileName}".
             This reference is not "CopyLocal" because at least one source item had "Private" set to "false" and no source items had "Private" set to "true".
         Unified primary reference "System.Runtime.InteropServices, Version=10.0.0.0, Culture=neutral, PublicKeyToken=b03f5f7f11d50a3a".
             Using this version instead of original version "6.0.0.0" in "C:\Users\UKGC\.nuget\packages\microsoft.windowsappsdk\1.4.231008000\lib\net6.0-windows10.0.18362.0\Microsoft.InteractiveExperiences.Projection.dll" because AutoUnify is 'true'.
             Using this version instead of original version "6.0.0.0" in "C:\Users\UKGC\.nuget\packages\microsoft.windowsappsdk\1.4.231008000\lib\net6.0-windows10.0.18362.0\Microsoft.WinUI.dll" because AutoUnify is 'true'.
             Using this version instead of original version "6.0.0.0" in "C:\Users\UKGC\.nuget\packages\microsoft.windowsappsdk\1.4.231008000\lib\net6.0-windows10.0.18362.0\Microsoft.Windows.AppLifecycle.Projection.dll" because AutoUnify is 'true'.
             Using this version instead of original version "6.0.0.0" in "C:\Users\UKGC\.nuget\packages\microsoft.windowsappsdk\1.4.231008000\lib\net6.0-windows10.0.18362.0\Microsoft.Windows.AppNotifications.Builder.Projection.dll" because AutoUnify is 'true'.
             Using this version instead of original version "6.0.0.0" in "C:\Users\UKGC\.nuget\packages\microsoft.windowsappsdk\1.4.231008000\lib\net6.0-windows10.0.18362.0\Microsoft.Windows.AppNotifications.Projection.dll" because AutoUnify is 'true'.
             Using this version instead of original version "6.0.0.0" in "C:\Users\UKGC\.nuget\packages\microsoft.windowsappsdk\1.4.231008000\lib\net6.0-windows10.0.18362.0\Microsoft.Windows.ApplicationModel.DynamicDependency.Projection.dll" because AutoUnify is 'true'.
             Using this version instead of original version "6.0.0.0" in "C:\Users\UKGC\.nuget\packages\microsoft.windowsappsdk\1.4.231008000\lib\net6.0-windows10.0.18362.0\Microsoft.Windows.ApplicationModel.Resources.Projection.dll" because AutoUnify is 'true'.
             Using this version instead of original version "6.0.0.0" in "C:\Users\UKGC\.nuget\packages\microsoft.windowsappsdk\1.4.231008000\lib\net6.0-windows10.0.18362.0\Microsoft.Windows.ApplicationModel.WindowsAppRuntime.Projection.dll" because AutoUnify is 'true'.
             Using this version instead of original version "6.0.0.0" in "C:\Users\UKGC\.nuget\packages\microsoft.windowsappsdk\1.4.231008000\lib\net6.0-windows10.0.18362.0\Microsoft.Windows.PushNotifications.Projection.dll" because AutoUnify is 'true'.
             Using this version instead of original version "6.0.0.0" in "C:\Users\UKGC\.nuget\packages\microsoft.windowsappsdk\1.4.231008000\lib\net6.0-windows10.0.18362.0\Microsoft.Windows.Security.AccessControl.Projection.dll" because AutoUnify is 'true'.
             Using this version instead of original version "6.0.0.0" in "C:\Users\UKGC\.nuget\packages\microsoft.windowsappsdk\1.4.231008000\lib\net6.0-windows10.0.18362.0\Microsoft.Windows.System.Power.Projection.dll" because AutoUnify is 'true'.
             Using this version instead of original version "6.0.0.0" in "C:\Users\UKGC\.nuget\packages\microsoft.windowsappsdk\1.4.231008000\lib\net6.0-windows10.0.18362.0\Microsoft.Windows.System.Projection.dll" because AutoUnify is 'true'.
             Using this version instead of original version "6.0.0.0" in "C:\Users\UKGC\.nuget\packages\microsoft.windowsappsdk\1.4.231008000\lib\net6.0-windows10.0.18362.0\Microsoft.Windows.Widgets.Providers.Projection.dll" because AutoUnify is 'true'.
             Resolved file path is "C:\Program Files\dotnet\packs\Microsoft.NETCore.App.Ref\10.0.9\ref\net10.0\System.Runtime.InteropServices.dll".
             Reference found at search path location "{RawFileName}".
             This reference is not "CopyLocal" because at least one source item had "Private" set to "false" and no source items had "Private" set to "true".
         Primary reference "System.Runtime.Intrinsics, Version=10.0.0.0, Culture=neutral, PublicKeyToken=cc7b13ffcd2ddd51".
             Resolved file path is "C:\Program Files\dotnet\packs\Microsoft.NETCore.App.Ref\10.0.9\ref\net10.0\System.Runtime.Intrinsics.dll".
             Reference found at search path location "{RawFileName}".
             This reference is not "CopyLocal" because at least one source item had "Private" set to "false" and no source items had "Private" set to "true".
         Primary reference "System.Runtime.Loader, Version=10.0.0.0, Culture=neutral, PublicKeyToken=b03f5f7f11d50a3a".
             Resolved file path is "C:\Program Files\dotnet\packs\Microsoft.NETCore.App.Ref\10.0.9\ref\net10.0\System.Runtime.Loader.dll".
             Reference found at search path location "{RawFileName}".
             This reference is not "CopyLocal" because at least one source item had "Private" set to "false" and no source items had "Private" set to "true".
         Primary reference "System.Runtime.Numerics, Version=10.0.0.0, Culture=neutral, PublicKeyToken=b03f5f7f11d50a3a".
             Resolved file path is "C:\Program Files\dotnet\packs\Microsoft.NETCore.App.Ref\10.0.9\ref\net10.0\System.Runtime.Numerics.dll".
             Reference found at search path location "{RawFileName}".
             This reference is not "CopyLocal" because at least one source item had "Private" set to "false" and no source items had "Private" set to "true".
         Primary reference "System.Runtime.Serialization.Formatters, Version=8.1.0.0, Culture=neutral, PublicKeyToken=b03f5f7f11d50a3a".
             Resolved file path is "C:\Program Files\dotnet\packs\Microsoft.NETCore.App.Ref\10.0.9\ref\net10.0\System.Runtime.Serialization.Formatters.dll".
             Reference found at search path location "{RawFileName}".
             This reference is not "CopyLocal" because at least one source item had "Private" set to "false" and no source items had "Private" set to "true".
         Primary reference "System.Runtime.Serialization.Json, Version=10.0.0.0, Culture=neutral, PublicKeyToken=b03f5f7f11d50a3a".
             Resolved file path is "C:\Program Files\dotnet\packs\Microsoft.NETCore.App.Ref\10.0.9\ref\net10.0\System.Runtime.Serialization.Json.dll".
             Reference found at search path location "{RawFileName}".
             This reference is not "CopyLocal" because at least one source item had "Private" set to "false" and no source items had "Private" set to "true".
         Primary reference "System.Runtime.Serialization.Primitives, Version=10.0.0.0, Culture=neutral, PublicKeyToken=b03f5f7f11d50a3a".
             Resolved file path is "C:\Program Files\dotnet\packs\Microsoft.NETCore.App.Ref\10.0.9\ref\net10.0\System.Runtime.Serialization.Primitives.dll".
             Reference found at search path location "{RawFileName}".
             This reference is not "CopyLocal" because at least one source item had "Private" set to "false" and no source items had "Private" set to "true".
         Primary reference "System.Runtime.Serialization.Xml, Version=10.0.0.0, Culture=neutral, PublicKeyToken=b03f5f7f11d50a3a".
             Resolved file path is "C:\Program Files\dotnet\packs\Microsoft.NETCore.App.Ref\10.0.9\ref\net10.0\System.Runtime.Serialization.Xml.dll".
             Reference found at search path location "{RawFileName}".
             This reference is not "CopyLocal" because at least one source item had "Private" set to "false" and no source items had "Private" set to "true".
         Primary reference "System.Runtime.Serialization, Version=4.0.0.0, Culture=neutral, PublicKeyToken=b77a5c561934e089".
             Resolved file path is "C:\Program Files\dotnet\packs\Microsoft.NETCore.App.Ref\10.0.9\ref\net10.0\System.Runtime.Serialization.dll".
             Reference found at search path location "{RawFileName}".
             This reference is not "CopyLocal" because at least one source item had "Private" set to "false" and no source items had "Private" set to "true".
         Unified primary reference "System.Runtime, Version=10.0.0.0, Culture=neutral, PublicKeyToken=b03f5f7f11d50a3a".
             Using this version instead of original version "6.0.0.0" in "C:\Users\UKGC\.nuget\packages\microsoft.windowsappsdk\1.4.231008000\lib\net6.0-windows10.0.18362.0\Microsoft.InteractiveExperiences.Projection.dll" because AutoUnify is 'true'.
             Using this version instead of original version "6.0.0.0" in "C:\Users\UKGC\.nuget\packages\microsoft.windowsappsdk\1.4.231008000\lib\net6.0-windows10.0.18362.0\Microsoft.WinUI.dll" because AutoUnify is 'true'.
             Using this version instead of original version "6.0.0.0" in "C:\Users\UKGC\.nuget\packages\microsoft.windowsappsdk\1.4.231008000\lib\net6.0-windows10.0.18362.0\Microsoft.Windows.AppLifecycle.Projection.dll" because AutoUnify is 'true'.
             Using this version instead of original version "6.0.0.0" in "C:\Users\UKGC\.nuget\packages\microsoft.windowsappsdk\1.4.231008000\lib\net6.0-windows10.0.18362.0\Microsoft.Windows.AppNotifications.Builder.Projection.dll" because AutoUnify is 'true'.
             Using this version instead of original version "6.0.0.0" in "C:\Users\UKGC\.nuget\packages\microsoft.windowsappsdk\1.4.231008000\lib\net6.0-windows10.0.18362.0\Microsoft.Windows.AppNotifications.Projection.dll" because AutoUnify is 'true'.
             Using this version instead of original version "6.0.0.0" in "C:\Users\UKGC\.nuget\packages\microsoft.windowsappsdk\1.4.231008000\lib\net6.0-windows10.0.18362.0\Microsoft.Windows.ApplicationModel.DynamicDependency.Projection.dll" because AutoUnify is 'true'.
             Using this version instead of original version "6.0.0.0" in "C:\Users\UKGC\.nuget\packages\microsoft.windowsappsdk\1.4.231008000\lib\net6.0-windows10.0.18362.0\Microsoft.Windows.ApplicationModel.Resources.Projection.dll" because AutoUnify is 'true'.
             Using this version instead of original version "6.0.0.0" in "C:\Users\UKGC\.nuget\packages\microsoft.windowsappsdk\1.4.231008000\lib\net6.0-windows10.0.18362.0\Microsoft.Windows.ApplicationModel.WindowsAppRuntime.Projection.dll" because AutoUnify is 'true'.
             Using this version instead of original version "6.0.0.0" in "C:\Users\UKGC\.nuget\packages\microsoft.windowsappsdk\1.4.231008000\lib\net6.0-windows10.0.18362.0\Microsoft.Windows.PushNotifications.Projection.dll" because AutoUnify is 'true'.
             Using this version instead of original version "6.0.0.0" in "C:\Users\UKGC\.nuget\packages\microsoft.windowsappsdk\1.4.231008000\lib\net6.0-windows10.0.18362.0\Microsoft.Windows.Security.AccessControl.Projection.dll" because AutoUnify is 'true'.
             Using this version instead of original version "6.0.0.0" in "C:\Users\UKGC\.nuget\packages\microsoft.windowsappsdk\1.4.231008000\lib\net6.0-windows10.0.18362.0\Microsoft.Windows.System.Power.Projection.dll" because AutoUnify is 'true'.
             Using this version instead of original version "6.0.0.0" in "C:\Users\UKGC\.nuget\packages\microsoft.windowsappsdk\1.4.231008000\lib\net6.0-windows10.0.18362.0\Microsoft.Windows.System.Projection.dll" because AutoUnify is 'true'.
             Using this version instead of original version "6.0.0.0" in "C:\Users\UKGC\.nuget\packages\microsoft.windowsappsdk\1.4.231008000\lib\net6.0-windows10.0.18362.0\Microsoft.Windows.Widgets.Providers.Projection.dll" because AutoUnify is 'true'.
             Using this version instead of original version "6.0.0.0" in "C:\Users\UKGC\.nuget\packages\microsoft.windowsappsdk\1.4.231008000\lib\net6.0-windows10.0.18362.0\Microsoft.WindowsAppRuntime.Bootstrap.Net.dll" because AutoUnify is 'true'.
             Resolved file path is "C:\Program Files\dotnet\packs\Microsoft.NETCore.App.Ref\10.0.9\ref\net10.0\System.Runtime.dll".
             Reference found at search path location "{RawFileName}".
             This reference is not "CopyLocal" because at least one source item had "Private" set to "false" and no source items had "Private" set to "true".
         Primary reference "System.Security.AccessControl, Version=10.0.0.0, Culture=neutral, PublicKeyToken=b03f5f7f11d50a3a".
             Resolved file path is "C:\Program Files\dotnet\packs\Microsoft.NETCore.App.Ref\10.0.9\ref\net10.0\System.Security.AccessControl.dll".
             Reference found at search path location "{RawFileName}".
             This reference is not "CopyLocal" because at least one source item had "Private" set to "false" and no source items had "Private" set to "true".
         Primary reference "System.Security.Claims, Version=10.0.0.0, Culture=neutral, PublicKeyToken=b03f5f7f11d50a3a".
             Resolved file path is "C:\Program Files\dotnet\packs\Microsoft.NETCore.App.Ref\10.0.9\ref\net10.0\System.Security.Claims.dll".
             Reference found at search path location "{RawFileName}".
             This reference is not "CopyLocal" because at least one source item had "Private" set to "false" and no source items had "Private" set to "true".
         Primary reference "System.Security.Cryptography.Algorithms, Version=10.0.0.0, Culture=neutral, PublicKeyToken=b03f5f7f11d50a3a".
             Resolved file path is "C:\Program Files\dotnet\packs\Microsoft.NETCore.App.Ref\10.0.9\ref\net10.0\System.Security.Cryptography.Algorithms.dll".
             Reference found at search path location "{RawFileName}".
             This reference is not "CopyLocal" because at least one source item had "Private" set to "false" and no source items had "Private" set to "true".
         Primary reference "System.Security.Cryptography.Cng, Version=10.0.0.0, Culture=neutral, PublicKeyToken=b03f5f7f11d50a3a".
             Resolved file path is "C:\Program Files\dotnet\packs\Microsoft.NETCore.App.Ref\10.0.9\ref\net10.0\System.Security.Cryptography.Cng.dll".
             Reference found at search path location "{RawFileName}".
             This reference is not "CopyLocal" because at least one source item had "Private" set to "false" and no source items had "Private" set to "true".
         Primary reference "System.Security.Cryptography.Csp, Version=10.0.0.0, Culture=neutral, PublicKeyToken=b03f5f7f11d50a3a".
             Resolved file path is "C:\Program Files\dotnet\packs\Microsoft.NETCore.App.Ref\10.0.9\ref\net10.0\System.Security.Cryptography.Csp.dll".
             Reference found at search path location "{RawFileName}".
             This reference is not "CopyLocal" because at least one source item had "Private" set to "false" and no source items had "Private" set to "true".
         Primary reference "System.Security.Cryptography.Encoding, Version=10.0.0.0, Culture=neutral, PublicKeyToken=b03f5f7f11d50a3a".
             Resolved file path is "C:\Program Files\dotnet\packs\Microsoft.NETCore.App.Ref\10.0.9\ref\net10.0\System.Security.Cryptography.Encoding.dll".
             Reference found at search path location "{RawFileName}".
             This reference is not "CopyLocal" because at least one source item had "Private" set to "false" and no source items had "Private" set to "true".
         Primary reference "System.Security.Cryptography.OpenSsl, Version=10.0.0.0, Culture=neutral, PublicKeyToken=b03f5f7f11d50a3a".
             Resolved file path is "C:\Program Files\dotnet\packs\Microsoft.NETCore.App.Ref\10.0.9\ref\net10.0\System.Security.Cryptography.OpenSsl.dll".
             Reference found at search path location "{RawFileName}".
             This reference is not "CopyLocal" because at least one source item had "Private" set to "false" and no source items had "Private" set to "true".
         Primary reference "System.Security.Cryptography.Primitives, Version=10.0.0.0, Culture=neutral, PublicKeyToken=b03f5f7f11d50a3a".
             Resolved file path is "C:\Program Files\dotnet\packs\Microsoft.NETCore.App.Ref\10.0.9\ref\net10.0\System.Security.Cryptography.Primitives.dll".
             Reference found at search path location "{RawFileName}".
             This reference is not "CopyLocal" because at least one source item had "Private" set to "false" and no source items had "Private" set to "true".
         Primary reference "System.Security.Cryptography.X509Certificates, Version=10.0.0.0, Culture=neutral, PublicKeyToken=b03f5f7f11d50a3a".
             Resolved file path is "C:\Program Files\dotnet\packs\Microsoft.NETCore.App.Ref\10.0.9\ref\net10.0\System.Security.Cryptography.X509Certificates.dll".
             Reference found at search path location "{RawFileName}".
             This reference is not "CopyLocal" because at least one source item had "Private" set to "false" and no source items had "Private" set to "true".
         Primary reference "System.Security.Cryptography, Version=10.0.0.0, Culture=neutral, PublicKeyToken=b03f5f7f11d50a3a".
             Resolved file path is "C:\Program Files\dotnet\packs\Microsoft.NETCore.App.Ref\10.0.9\ref\net10.0\System.Security.Cryptography.dll".
             Reference found at search path location "{RawFileName}".
             This reference is not "CopyLocal" because at least one source item had "Private" set to "false" and no source items had "Private" set to "true".
         Primary reference "System.Security.Principal.Windows, Version=10.0.0.0, Culture=neutral, PublicKeyToken=b03f5f7f11d50a3a".
             Resolved file path is "C:\Program Files\dotnet\packs\Microsoft.NETCore.App.Ref\10.0.9\ref\net10.0\System.Security.Principal.Windows.dll".
             Reference found at search path location "{RawFileName}".
             This reference is not "CopyLocal" because at least one source item had "Private" set to "false" and no source items had "Private" set to "true".
         Primary reference "System.Security.Principal, Version=10.0.0.0, Culture=neutral, PublicKeyToken=b03f5f7f11d50a3a".
             Resolved file path is "C:\Program Files\dotnet\packs\Microsoft.NETCore.App.Ref\10.0.9\ref\net10.0\System.Security.Principal.dll".
             Reference found at search path location "{RawFileName}".
             This reference is not "CopyLocal" because at least one source item had "Private" set to "false" and no source items had "Private" set to "true".
         Primary reference "System.Security.SecureString, Version=10.0.0.0, Culture=neutral, PublicKeyToken=b03f5f7f11d50a3a".
             Resolved file path is "C:\Program Files\dotnet\packs\Microsoft.NETCore.App.Ref\10.0.9\ref\net10.0\System.Security.SecureString.dll".
             Reference found at search path location "{RawFileName}".
             This reference is not "CopyLocal" because at least one source item had "Private" set to "false" and no source items had "Private" set to "true".
         Primary reference "System.Security, Version=4.0.0.0, Culture=neutral, PublicKeyToken=b03f5f7f11d50a3a".
             Resolved file path is "C:\Program Files\dotnet\packs\Microsoft.NETCore.App.Ref\10.0.9\ref\net10.0\System.Security.dll".
             Reference found at search path location "{RawFileName}".
             This reference is not "CopyLocal" because at least one source item had "Private" set to "false" and no source items had "Private" set to "true".
         Primary reference "System.ServiceModel.Web, Version=4.0.0.0, Culture=neutral, PublicKeyToken=31bf3856ad364e35".
             Resolved file path is "C:\Program Files\dotnet\packs\Microsoft.NETCore.App.Ref\10.0.9\ref\net10.0\System.ServiceModel.Web.dll".
             Reference found at search path location "{RawFileName}".
             This reference is not "CopyLocal" because at least one source item had "Private" set to "false" and no source items had "Private" set to "true".
         Primary reference "System.ServiceProcess, Version=4.0.0.0, Culture=neutral, PublicKeyToken=b03f5f7f11d50a3a".
             Resolved file path is "C:\Program Files\dotnet\packs\Microsoft.NETCore.App.Ref\10.0.9\ref\net10.0\System.ServiceProcess.dll".
             Reference found at search path location "{RawFileName}".
             This reference is not "CopyLocal" because at least one source item had "Private" set to "false" and no source items had "Private" set to "true".
         Primary reference "System.Text.Encoding.CodePages, Version=10.0.0.0, Culture=neutral, PublicKeyToken=b03f5f7f11d50a3a".
             Resolved file path is "C:\Program Files\dotnet\packs\Microsoft.NETCore.App.Ref\10.0.9\ref\net10.0\System.Text.Encoding.CodePages.dll".
             Reference found at search path location "{RawFileName}".
             This reference is not "CopyLocal" because at least one source item had "Private" set to "false" and no source items had "Private" set to "true".
         Primary reference "System.Text.Encoding.Extensions, Version=10.0.0.0, Culture=neutral, PublicKeyToken=b03f5f7f11d50a3a".
             Resolved file path is "C:\Program Files\dotnet\packs\Microsoft.NETCore.App.Ref\10.0.9\ref\net10.0\System.Text.Encoding.Extensions.dll".
             Reference found at search path location "{RawFileName}".
             This reference is not "CopyLocal" because at least one source item had "Private" set to "false" and no source items had "Private" set to "true".
         Primary reference "System.Text.Encoding, Version=10.0.0.0, Culture=neutral, PublicKeyToken=b03f5f7f11d50a3a".
             Resolved file path is "C:\Program Files\dotnet\packs\Microsoft.NETCore.App.Ref\10.0.9\ref\net10.0\System.Text.Encoding.dll".
             Reference found at search path location "{RawFileName}".
             This reference is not "CopyLocal" because at least one source item had "Private" set to "false" and no source items had "Private" set to "true".
         Primary reference "System.Text.Encodings.Web, Version=10.0.0.0, Culture=neutral, PublicKeyToken=cc7b13ffcd2ddd51".
             Resolved file path is "C:\Program Files\dotnet\packs\Microsoft.NETCore.App.Ref\10.0.9\ref\net10.0\System.Text.Encodings.Web.dll".
             Reference found at search path location "{RawFileName}".
             This reference is not "CopyLocal" because at least one source item had "Private" set to "false" and no source items had "Private" set to "true".
         Primary reference "System.Text.Json, Version=10.0.0.0, Culture=neutral, PublicKeyToken=cc7b13ffcd2ddd51".
             Resolved file path is "C:\Program Files\dotnet\packs\Microsoft.NETCore.App.Ref\10.0.9\ref\net10.0\System.Text.Json.dll".
             Reference found at search path location "{RawFileName}".
             This reference is not "CopyLocal" because at least one source item had "Private" set to "false" and no source items had "Private" set to "true".
         Primary reference "System.Text.RegularExpressions, Version=10.0.0.0, Culture=neutral, PublicKeyToken=b03f5f7f11d50a3a".
             Resolved file path is "C:\Program Files\dotnet\packs\Microsoft.NETCore.App.Ref\10.0.9\ref\net10.0\System.Text.RegularExpressions.dll".
             Reference found at search path location "{RawFileName}".
             This reference is not "CopyLocal" because at least one source item had "Private" set to "false" and no source items had "Private" set to "true".
         Primary reference "System.Threading.AccessControl, Version=10.0.0.0, Culture=neutral, PublicKeyToken=b03f5f7f11d50a3a".
             Resolved file path is "C:\Program Files\dotnet\packs\Microsoft.NETCore.App.Ref\10.0.9\ref\net10.0\System.Threading.AccessControl.dll".
             Reference found at search path location "{RawFileName}".
             This reference is not "CopyLocal" because at least one source item had "Private" set to "false" and no source items had "Private" set to "true".
         Primary reference "System.Threading.Channels, Version=10.0.0.0, Culture=neutral, PublicKeyToken=cc7b13ffcd2ddd51".
             Resolved file path is "C:\Program Files\dotnet\packs\Microsoft.NETCore.App.Ref\10.0.9\ref\net10.0\System.Threading.Channels.dll".
             Reference found at search path location "{RawFileName}".
             This reference is not "CopyLocal" because at least one source item had "Private" set to "false" and no source items had "Private" set to "true".
         Primary reference "System.Threading.Overlapped, Version=10.0.0.0, Culture=neutral, PublicKeyToken=b03f5f7f11d50a3a".
             Resolved file path is "C:\Program Files\dotnet\packs\Microsoft.NETCore.App.Ref\10.0.9\ref\net10.0\System.Threading.Overlapped.dll".
             Reference found at search path location "{RawFileName}".
             This reference is not "CopyLocal" because at least one source item had "Private" set to "false" and no source items had "Private" set to "true".
         Primary reference "System.Threading.Tasks.Dataflow, Version=10.0.0.0, Culture=neutral, PublicKeyToken=b03f5f7f11d50a3a".
             Resolved file path is "C:\Program Files\dotnet\packs\Microsoft.NETCore.App.Ref\10.0.9\ref\net10.0\System.Threading.Tasks.Dataflow.dll".
             Reference found at search path location "{RawFileName}".
             This reference is not "CopyLocal" because at least one source item had "Private" set to "false" and no source items had "Private" set to "true".
         Primary reference "System.Threading.Tasks.Extensions, Version=10.0.0.0, Culture=neutral, PublicKeyToken=cc7b13ffcd2ddd51".
             Resolved file path is "C:\Program Files\dotnet\packs\Microsoft.NETCore.App.Ref\10.0.9\ref\net10.0\System.Threading.Tasks.Extensions.dll".
             Reference found at search path location "{RawFileName}".
             This reference is not "CopyLocal" because at least one source item had "Private" set to "false" and no source items had "Private" set to "true".
         Primary reference "System.Threading.Tasks.Parallel, Version=10.0.0.0, Culture=neutral, PublicKeyToken=b03f5f7f11d50a3a".
             Resolved file path is "C:\Program Files\dotnet\packs\Microsoft.NETCore.App.Ref\10.0.9\ref\net10.0\System.Threading.Tasks.Parallel.dll".
             Reference found at search path location "{RawFileName}".
             This reference is not "CopyLocal" because at least one source item had "Private" set to "false" and no source items had "Private" set to "true".
         Primary reference "System.Threading.Tasks, Version=10.0.0.0, Culture=neutral, PublicKeyToken=b03f5f7f11d50a3a".
             Resolved file path is "C:\Program Files\dotnet\packs\Microsoft.NETCore.App.Ref\10.0.9\ref\net10.0\System.Threading.Tasks.dll".
             Reference found at search path location "{RawFileName}".
             This reference is not "CopyLocal" because at least one source item had "Private" set to "false" and no source items had "Private" set to "true".
         Primary reference "System.Threading.Thread, Version=10.0.0.0, Culture=neutral, PublicKeyToken=b03f5f7f11d50a3a".
             Resolved file path is "C:\Program Files\dotnet\packs\Microsoft.NETCore.App.Ref\10.0.9\ref\net10.0\System.Threading.Thread.dll".
             Reference found at search path location "{RawFileName}".
             This reference is not "CopyLocal" because at least one source item had "Private" set to "false" and no source items had "Private" set to "true".
         Primary reference "System.Threading.ThreadPool, Version=10.0.0.0, Culture=neutral, PublicKeyToken=b03f5f7f11d50a3a".
             Resolved file path is "C:\Program Files\dotnet\packs\Microsoft.NETCore.App.Ref\10.0.9\ref\net10.0\System.Threading.ThreadPool.dll".
             Reference found at search path location "{RawFileName}".
             This reference is not "CopyLocal" because at least one source item had "Private" set to "false" and no source items had "Private" set to "true".
         Primary reference "System.Threading.Timer, Version=10.0.0.0, Culture=neutral, PublicKeyToken=b03f5f7f11d50a3a".
             Resolved file path is "C:\Program Files\dotnet\packs\Microsoft.NETCore.App.Ref\10.0.9\ref\net10.0\System.Threading.Timer.dll".
             Reference found at search path location "{RawFileName}".
             This reference is not "CopyLocal" because at least one source item had "Private" set to "false" and no source items had "Private" set to "true".
         Unified primary reference "System.Threading, Version=10.0.0.0, Culture=neutral, PublicKeyToken=b03f5f7f11d50a3a".
             Using this version instead of original version "6.0.0.0" in "C:\Users\UKGC\.nuget\packages\microsoft.windowsappsdk\1.4.231008000\lib\net6.0-windows10.0.18362.0\Microsoft.InteractiveExperiences.Projection.dll" because AutoUnify is 'true'.
             Using this version instead of original version "6.0.0.0" in "C:\Users\UKGC\.nuget\packages\microsoft.windowsappsdk\1.4.231008000\lib\net6.0-windows10.0.18362.0\Microsoft.WinUI.dll" because AutoUnify is 'true'.
             Using this version instead of original version "6.0.0.0" in "C:\Users\UKGC\.nuget\packages\microsoft.windowsappsdk\1.4.231008000\lib\net6.0-windows10.0.18362.0\Microsoft.Windows.AppLifecycle.Projection.dll" because AutoUnify is 'true'.
             Using this version instead of original version "6.0.0.0" in "C:\Users\UKGC\.nuget\packages\microsoft.windowsappsdk\1.4.231008000\lib\net6.0-windows10.0.18362.0\Microsoft.Windows.AppNotifications.Builder.Projection.dll" because AutoUnify is 'true'.
             Using this version instead of original version "6.0.0.0" in "C:\Users\UKGC\.nuget\packages\microsoft.windowsappsdk\1.4.231008000\lib\net6.0-windows10.0.18362.0\Microsoft.Windows.AppNotifications.Projection.dll" because AutoUnify is 'true'.
             Using this version instead of original version "6.0.0.0" in "C:\Users\UKGC\.nuget\packages\microsoft.windowsappsdk\1.4.231008000\lib\net6.0-windows10.0.18362.0\Microsoft.Windows.ApplicationModel.DynamicDependency.Projection.dll" because AutoUnify is 'true'.
             Using this version instead of original version "6.0.0.0" in "C:\Users\UKGC\.nuget\packages\microsoft.windowsappsdk\1.4.231008000\lib\net6.0-windows10.0.18362.0\Microsoft.Windows.ApplicationModel.Resources.Projection.dll" because AutoUnify is 'true'.
             Using this version instead of original version "6.0.0.0" in "C:\Users\UKGC\.nuget\packages\microsoft.windowsappsdk\1.4.231008000\lib\net6.0-windows10.0.18362.0\Microsoft.Windows.ApplicationModel.WindowsAppRuntime.Projection.dll" because AutoUnify is 'true'.
             Using this version instead of original version "6.0.0.0" in "C:\Users\UKGC\.nuget\packages\microsoft.windowsappsdk\1.4.231008000\lib\net6.0-windows10.0.18362.0\Microsoft.Windows.PushNotifications.Projection.dll" because AutoUnify is 'true'.
             Using this version instead of original version "6.0.0.0" in "C:\Users\UKGC\.nuget\packages\microsoft.windowsappsdk\1.4.231008000\lib\net6.0-windows10.0.18362.0\Microsoft.Windows.Security.AccessControl.Projection.dll" because AutoUnify is 'true'.
             Using this version instead of original version "6.0.0.0" in "C:\Users\UKGC\.nuget\packages\microsoft.windowsappsdk\1.4.231008000\lib\net6.0-windows10.0.18362.0\Microsoft.Windows.System.Power.Projection.dll" because AutoUnify is 'true'.
             Using this version instead of original version "6.0.0.0" in "C:\Users\UKGC\.nuget\packages\microsoft.windowsappsdk\1.4.231008000\lib\net6.0-windows10.0.18362.0\Microsoft.Windows.System.Projection.dll" because AutoUnify is 'true'.
             Using this version instead of original version "6.0.0.0" in "C:\Users\UKGC\.nuget\packages\microsoft.windowsappsdk\1.4.231008000\lib\net6.0-windows10.0.18362.0\Microsoft.Windows.Widgets.Providers.Projection.dll" because AutoUnify is 'true'.
             Resolved file path is "C:\Program Files\dotnet\packs\Microsoft.NETCore.App.Ref\10.0.9\ref\net10.0\System.Threading.dll".
             Reference found at search path location "{RawFileName}".
             This reference is not "CopyLocal" because at least one source item had "Private" set to "false" and no source items had "Private" set to "true".
         Primary reference "System.Transactions.Local, Version=10.0.0.0, Culture=neutral, PublicKeyToken=cc7b13ffcd2ddd51".
             Resolved file path is "C:\Program Files\dotnet\packs\Microsoft.NETCore.App.Ref\10.0.9\ref\net10.0\System.Transactions.Local.dll".
             Reference found at search path location "{RawFileName}".
             This reference is not "CopyLocal" because at least one source item had "Private" set to "false" and no source items had "Private" set to "true".
         Primary reference "System.Transactions, Version=4.0.0.0, Culture=neutral, PublicKeyToken=b77a5c561934e089".
             Resolved file path is "C:\Program Files\dotnet\packs\Microsoft.NETCore.App.Ref\10.0.9\ref\net10.0\System.Transactions.dll".
             Reference found at search path location "{RawFileName}".
             This reference is not "CopyLocal" because at least one source item had "Private" set to "false" and no source items had "Private" set to "true".
         Primary reference "System.ValueTuple, Version=10.0.0.0, Culture=neutral, PublicKeyToken=cc7b13ffcd2ddd51".
             Resolved file path is "C:\Program Files\dotnet\packs\Microsoft.NETCore.App.Ref\10.0.9\ref\net10.0\System.ValueTuple.dll".
             Reference found at search path location "{RawFileName}".
             This reference is not "CopyLocal" because at least one source item had "Private" set to "false" and no source items had "Private" set to "true".
         Primary reference "System.Web.HttpUtility, Version=10.0.0.0, Culture=neutral, PublicKeyToken=cc7b13ffcd2ddd51".
             Resolved file path is "C:\Program Files\dotnet\packs\Microsoft.NETCore.App.Ref\10.0.9\ref\net10.0\System.Web.HttpUtility.dll".
             Reference found at search path location "{RawFileName}".
             This reference is not "CopyLocal" because at least one source item had "Private" set to "false" and no source items had "Private" set to "true".
         Primary reference "System.Web, Version=4.0.0.0, Culture=neutral, PublicKeyToken=b03f5f7f11d50a3a".
             Resolved file path is "C:\Program Files\dotnet\packs\Microsoft.NETCore.App.Ref\10.0.9\ref\net10.0\System.Web.dll".
             Reference found at search path location "{RawFileName}".
             This reference is not "CopyLocal" because at least one source item had "Private" set to "false" and no source items had "Private" set to "true".
         Primary reference "System.Windows, Version=4.0.0.0, Culture=neutral, PublicKeyToken=b03f5f7f11d50a3a".
             Resolved file path is "C:\Program Files\dotnet\packs\Microsoft.NETCore.App.Ref\10.0.9\ref\net10.0\System.Windows.dll".
             Reference found at search path location "{RawFileName}".
             This reference is not "CopyLocal" because at least one source item had "Private" set to "false" and no source items had "Private" set to "true".
         Primary reference "System.Xml.Linq, Version=4.0.0.0, Culture=neutral, PublicKeyToken=b77a5c561934e089".
             Resolved file path is "C:\Program Files\dotnet\packs\Microsoft.NETCore.App.Ref\10.0.9\ref\net10.0\System.Xml.Linq.dll".
             Reference found at search path location "{RawFileName}".
             This reference is not "CopyLocal" because at least one source item had "Private" set to "false" and no source items had "Private" set to "true".
         Primary reference "System.Xml.ReaderWriter, Version=10.0.0.0, Culture=neutral, PublicKeyToken=b03f5f7f11d50a3a".
             Resolved file path is "C:\Program Files\dotnet\packs\Microsoft.NETCore.App.Ref\10.0.9\ref\net10.0\System.Xml.ReaderWriter.dll".
             Reference found at search path location "{RawFileName}".
             This reference is not "CopyLocal" because at least one source item had "Private" set to "false" and no source items had "Private" set to "true".
         Primary reference "System.Xml.Serialization, Version=4.0.0.0, Culture=neutral, PublicKeyToken=b77a5c561934e089".
             Resolved file path is "C:\Program Files\dotnet\packs\Microsoft.NETCore.App.Ref\10.0.9\ref\net10.0\System.Xml.Serialization.dll".
             Reference found at search path location "{RawFileName}".
             This reference is not "CopyLocal" because at least one source item had "Private" set to "false" and no source items had "Private" set to "true".
         Primary reference "System.Xml.XDocument, Version=10.0.0.0, Culture=neutral, PublicKeyToken=b03f5f7f11d50a3a".
             Resolved file path is "C:\Program Files\dotnet\packs\Microsoft.NETCore.App.Ref\10.0.9\ref\net10.0\System.Xml.XDocument.dll".
             Reference found at search path location "{RawFileName}".
             This reference is not "CopyLocal" because at least one source item had "Private" set to "false" and no source items had "Private" set to "true".
         Primary reference "System.Xml.XPath.XDocument, Version=10.0.0.0, Culture=neutral, PublicKeyToken=b03f5f7f11d50a3a".
             Resolved file path is "C:\Program Files\dotnet\packs\Microsoft.NETCore.App.Ref\10.0.9\ref\net10.0\System.Xml.XPath.XDocument.dll".
             Reference found at search path location "{RawFileName}".
             This reference is not "CopyLocal" because at least one source item had "Private" set to "false" and no source items had "Private" set to "true".
         Primary reference "System.Xml.XPath, Version=10.0.0.0, Culture=neutral, PublicKeyToken=b03f5f7f11d50a3a".
             Resolved file path is "C:\Program Files\dotnet\packs\Microsoft.NETCore.App.Ref\10.0.9\ref\net10.0\System.Xml.XPath.dll".
             Reference found at search path location "{RawFileName}".
             This reference is not "CopyLocal" because at least one source item had "Private" set to "false" and no source items had "Private" set to "true".
         Primary reference "System.Xml.XmlDocument, Version=10.0.0.0, Culture=neutral, PublicKeyToken=b03f5f7f11d50a3a".
             Resolved file path is "C:\Program Files\dotnet\packs\Microsoft.NETCore.App.Ref\10.0.9\ref\net10.0\System.Xml.XmlDocument.dll".
             Reference found at search path location "{RawFileName}".
             This reference is not "CopyLocal" because at least one source item had "Private" set to "false" and no source items had "Private" set to "true".
         Primary reference "System.Xml.XmlSerializer, Version=10.0.0.0, Culture=neutral, PublicKeyToken=b03f5f7f11d50a3a".
             Resolved file path is "C:\Program Files\dotnet\packs\Microsoft.NETCore.App.Ref\10.0.9\ref\net10.0\System.Xml.XmlSerializer.dll".
             Reference found at search path location "{RawFileName}".
             This reference is not "CopyLocal" because at least one source item had "Private" set to "false" and no source items had "Private" set to "true".
         Primary reference "System.Xml, Version=4.0.0.0, Culture=neutral, PublicKeyToken=b77a5c561934e089".
             Resolved file path is "C:\Program Files\dotnet\packs\Microsoft.NETCore.App.Ref\10.0.9\ref\net10.0\System.Xml.dll".
             Reference found at search path location "{RawFileName}".
             This reference is not "CopyLocal" because at least one source item had "Private" set to "false" and no source items had "Private" set to "true".
         Unified primary reference "System, Version=4.0.0.0, Culture=neutral, PublicKeyToken=b77a5c561934e089".
             Using this version instead of original version "2.0.0.0" in "C:\Users\UKGC\.nuget\packages\cscore\1.2.1.2\lib\net35-client\CSCore.dll" because AutoUnify is 'true'.
             Resolved file path is "C:\Program Files\dotnet\packs\Microsoft.NETCore.App.Ref\10.0.9\ref\net10.0\System.dll".
             Reference found at search path location "{RawFileName}".
             This reference is not "CopyLocal" because at least one source item had "Private" set to "false" and no source items had "Private" set to "true".
         Primary reference "WindowsBase, Version=4.0.0.0, Culture=neutral, PublicKeyToken=31bf3856ad364e35".
             Resolved file path is "C:\Program Files\dotnet\packs\Microsoft.NETCore.App.Ref\10.0.9\ref\net10.0\WindowsBase.dll".
             Reference found at search path location "{RawFileName}".
             This reference is not "CopyLocal" because at least one source item had "Private" set to "false" and no source items had "Private" set to "true".
         Unified primary reference "mscorlib, Version=4.0.0.0, Culture=neutral, PublicKeyToken=b77a5c561934e089".
             Using this version instead of original version "2.0.0.0" in "C:\Users\UKGC\.nuget\packages\cscore\1.2.1.2\lib\net35-client\CSCore.dll" because AutoUnify is 'true'.
             Resolved file path is "C:\Program Files\dotnet\packs\Microsoft.NETCore.App.Ref\10.0.9\ref\net10.0\mscorlib.dll".
             Reference found at search path location "{RawFileName}".
             This reference is not "CopyLocal" because at least one source item had "Private" set to "false" and no source items had "Private" set to "true".
         Primary reference "netstandard, Version=2.1.0.0, Culture=neutral, PublicKeyToken=cc7b13ffcd2ddd51".
             Resolved file path is "C:\Program Files\dotnet\packs\Microsoft.NETCore.App.Ref\10.0.9\ref\net10.0\netstandard.dll".
             Reference found at search path location "{RawFileName}".
             This reference is not "CopyLocal" because at least one source item had "Private" set to "false" and no source items had "Private" set to "true".
         Unified primary reference "Microsoft.Windows.SDK.NET, Version=10.0.19041.38, Culture=neutral, PublicKeyToken=31bf3856ad364e35".
             Using this version instead of original version "10.0.18362.24" in "C:\Users\UKGC\.nuget\packages\microsoft.windowsappsdk\1.4.231008000\lib\net6.0-windows10.0.18362.0\Microsoft.InteractiveExperiences.Projection.dll" because AutoUnify is 'true'.
             Using this version instead of original version "10.0.17763.24" in "C:\Users\UKGC\.nuget\packages\microsoft.windowsappsdk\1.4.231008000\lib\net6.0-windows10.0.18362.0\Microsoft.WinUI.dll" because AutoUnify is 'true'.
             Using this version instead of original version "10.0.17763.24" in "C:\Users\UKGC\.nuget\packages\microsoft.windowsappsdk\1.4.231008000\lib\net6.0-windows10.0.18362.0\Microsoft.Windows.AppLifecycle.Projection.dll" because AutoUnify is 'true'.
             Using this version instead of original version "10.0.17763.24" in "C:\Users\UKGC\.nuget\packages\microsoft.windowsappsdk\1.4.231008000\lib\net6.0-windows10.0.18362.0\Microsoft.Windows.AppNotifications.Builder.Projection.dll" because AutoUnify is 'true'.
             Using this version instead of original version "10.0.17763.24" in "C:\Users\UKGC\.nuget\packages\microsoft.windowsappsdk\1.4.231008000\lib\net6.0-windows10.0.18362.0\Microsoft.Windows.AppNotifications.Projection.dll" because AutoUnify is 'true'.
             Using this version instead of original version "10.0.17763.24" in "C:\Users\UKGC\.nuget\packages\microsoft.windowsappsdk\1.4.231008000\lib\net6.0-windows10.0.18362.0\Microsoft.Windows.ApplicationModel.DynamicDependency.Projection.dll" because AutoUnify is 'true'.
             Using this version instead of original version "10.0.17763.24" in "C:\Users\UKGC\.nuget\packages\microsoft.windowsappsdk\1.4.231008000\lib\net6.0-windows10.0.18362.0\Microsoft.Windows.ApplicationModel.Resources.Projection.dll" because AutoUnify is 'true'.
             Using this version instead of original version "10.0.17763.24" in "C:\Users\UKGC\.nuget\packages\microsoft.windowsappsdk\1.4.231008000\lib\net6.0-windows10.0.18362.0\Microsoft.Windows.ApplicationModel.WindowsAppRuntime.Projection.dll" because AutoUnify is 'true'.
             Using this version instead of original version "10.0.17763.24" in "C:\Users\UKGC\.nuget\packages\microsoft.windowsappsdk\1.4.231008000\lib\net6.0-windows10.0.18362.0\Microsoft.Windows.PushNotifications.Projection.dll" because AutoUnify is 'true'.
             Using this version instead of original version "10.0.17763.24" in "C:\Users\UKGC\.nuget\packages\microsoft.windowsappsdk\1.4.231008000\lib\net6.0-windows10.0.18362.0\Microsoft.Windows.Security.AccessControl.Projection.dll" because AutoUnify is 'true'.
             Using this version instead of original version "10.0.17763.24" in "C:\Users\UKGC\.nuget\packages\microsoft.windowsappsdk\1.4.231008000\lib\net6.0-windows10.0.18362.0\Microsoft.Windows.System.Power.Projection.dll" because AutoUnify is 'true'.
             Using this version instead of original version "10.0.17763.24" in "C:\Users\UKGC\.nuget\packages\microsoft.windowsappsdk\1.4.231008000\lib\net6.0-windows10.0.18362.0\Microsoft.Windows.System.Projection.dll" because AutoUnify is 'true'.
             Using this version instead of original version "10.0.17763.24" in "C:\Users\UKGC\.nuget\packages\microsoft.windowsappsdk\1.4.231008000\lib\net6.0-windows10.0.18362.0\Microsoft.Windows.Widgets.Providers.Projection.dll" because AutoUnify is 'true'.
             Resolved file path is "C:\Users\UKGC\.nuget\packages\microsoft.windows.sdk.net.ref\10.0.19041.57\lib\net8.0\Microsoft.Windows.SDK.NET.dll".
             Reference found at search path location "{RawFileName}".
             This reference is not "CopyLocal" because at least one source item had "Private" set to "false" and no source items had "Private" set to "true".
         Unified primary reference "WinRT.Runtime, Version=2.2.0.0, Culture=neutral, PublicKeyToken=99ea127f02d97709".
             Using this version instead of original version "2.0.0.0" in "C:\Users\UKGC\.nuget\packages\microsoft.windowsappsdk\1.4.231008000\lib\net6.0-windows10.0.18362.0\Microsoft.InteractiveExperiences.Projection.dll" because AutoUnify is 'true'.
             Using this version instead of original version "2.0.0.0" in "C:\Users\UKGC\.nuget\packages\microsoft.windowsappsdk\1.4.231008000\lib\net6.0-windows10.0.18362.0\Microsoft.WinUI.dll" because AutoUnify is 'true'.
             Using this version instead of original version "2.0.0.0" in "C:\Users\UKGC\.nuget\packages\microsoft.windowsappsdk\1.4.231008000\lib\net6.0-windows10.0.18362.0\Microsoft.Windows.AppLifecycle.Projection.dll" because AutoUnify is 'true'.
             Using this version instead of original version "2.0.0.0" in "C:\Users\UKGC\.nuget\packages\microsoft.windowsappsdk\1.4.231008000\lib\net6.0-windows10.0.18362.0\Microsoft.Windows.AppNotifications.Builder.Projection.dll" because AutoUnify is 'true'.
             Using this version instead of original version "2.0.0.0" in "C:\Users\UKGC\.nuget\packages\microsoft.windowsappsdk\1.4.231008000\lib\net6.0-windows10.0.18362.0\Microsoft.Windows.AppNotifications.Projection.dll" because AutoUnify is 'true'.
             Using this version instead of original version "2.0.0.0" in "C:\Users\UKGC\.nuget\packages\microsoft.windowsappsdk\1.4.231008000\lib\net6.0-windows10.0.18362.0\Microsoft.Windows.ApplicationModel.DynamicDependency.Projection.dll" because AutoUnify is 'true'.
             Using this version instead of original version "2.0.0.0" in "C:\Users\UKGC\.nuget\packages\microsoft.windowsappsdk\1.4.231008000\lib\net6.0-windows10.0.18362.0\Microsoft.Windows.ApplicationModel.Resources.Projection.dll" because AutoUnify is 'true'.
             Using this version instead of original version "2.0.0.0" in "C:\Users\UKGC\.nuget\packages\microsoft.windowsappsdk\1.4.231008000\lib\net6.0-windows10.0.18362.0\Microsoft.Windows.ApplicationModel.WindowsAppRuntime.Projection.dll" because AutoUnify is 'true'.
             Using this version instead of original version "2.0.0.0" in "C:\Users\UKGC\.nuget\packages\microsoft.windowsappsdk\1.4.231008000\lib\net6.0-windows10.0.18362.0\Microsoft.Windows.PushNotifications.Projection.dll" because AutoUnify is 'true'.
             Using this version instead of original version "2.0.0.0" in "C:\Users\UKGC\.nuget\packages\microsoft.windowsappsdk\1.4.231008000\lib\net6.0-windows10.0.18362.0\Microsoft.Windows.Security.AccessControl.Projection.dll" because AutoUnify is 'true'.
             Using this version instead of original version "2.0.0.0" in "C:\Users\UKGC\.nuget\packages\microsoft.windowsappsdk\1.4.231008000\lib\net6.0-windows10.0.18362.0\Microsoft.Windows.System.Power.Projection.dll" because AutoUnify is 'true'.
             Using this version instead of original version "2.0.0.0" in "C:\Users\UKGC\.nuget\packages\microsoft.windowsappsdk\1.4.231008000\lib\net6.0-windows10.0.18362.0\Microsoft.Windows.System.Projection.dll" because AutoUnify is 'true'.
             Using this version instead of original version "2.0.0.0" in "C:\Users\UKGC\.nuget\packages\microsoft.windowsappsdk\1.4.231008000\lib\net6.0-windows10.0.18362.0\Microsoft.Windows.Widgets.Providers.Projection.dll" because AutoUnify is 'true'.
             Resolved file path is "C:\Users\UKGC\.nuget\packages\microsoft.windows.sdk.net.ref\10.0.19041.57\lib\net8.0\WinRT.Runtime.dll".
             Reference found at search path location "{RawFileName}".
             This reference is not "CopyLocal" because at least one source item had "Private" set to "false" and no source items had "Private" set to "true".
       Done executing task "ResolveAssemblyReference".
     2>Done building target "ResolveAssemblyReferences" in project "SoundBar.csproj".
     2>Target "AfterResolveReferences" in file "C:\Program Files\dotnet\sdk\10.0.301\Microsoft.Common.CurrentVersion.targets" from project "C:\Personal Projects\SoundBar\SoundBar.csproj" (target "ResolveReferences" depends on it):
     2>Done building target "AfterResolveReferences" in project "SoundBar.csproj".
       Target "ResolveAssemblyReferences" skipped. Previously built successfully.
     2>Target "WindowsAppSDKVerifyWinrtRuntimeVersion" in file "C:\Users\UKGC\.nuget\packages\microsoft.windowsappsdk\1.4.231008000\buildTransitive\Microsoft.WindowsAppSDK.targets" from project "C:\Personal Projects\SoundBar\SoundBar.csproj" (target "ResolveReferences" depends on it):
     2>Done building target "WindowsAppSDKVerifyWinrtRuntimeVersion" in project "SoundBar.csproj".
     2>Target "ResolveReferences" in file "C:\Program Files\dotnet\sdk\10.0.301\Microsoft.Common.CurrentVersion.targets" from project "C:\Personal Projects\SoundBar\SoundBar.csproj" (target "_BlockWinMDsOnUnsupportedTFMs" depends on it):
     2>Done building target "ResolveReferences" in project "SoundBar.csproj".
     2>Target "_BlockWinMDsOnUnsupportedTFMs" in file "C:\Program Files\dotnet\sdk\10.0.301\Sdks\Microsoft.NET.Sdk\targets\Microsoft.NET.Sdk.targets" from project "C:\Personal Projects\SoundBar\SoundBar.csproj" (target "CoreBuild" depends on it):
       Using "CheckForUnsupportedWinMDReferences" task from assembly "C:\Program Files\dotnet\sdk\10.0.301\Sdks\Microsoft.NET.Sdk\targets\..\tools\net10.0\Microsoft.NET.Build.Tasks.dll".
       Task "CheckForUnsupportedWinMDReferences"
       Done executing task "CheckForUnsupportedWinMDReferences".
     2>Done building target "_BlockWinMDsOnUnsupportedTFMs" in project "SoundBar.csproj".
       Target "ResolveReferences" skipped. Previously built successfully.
       Target "ResolvePackageDependenciesForBuild" skipped. Previously built successfully.
       Target "_HandlePackageFileConflicts" skipped. Previously built successfully.
       Target "AddImplicitDefineConstants" skipped. Previously built successfully.
     2>Target "GetVCInstallPath" in file "C:\Users\UKGC\.nuget\packages\microsoft.windowsappsdk\1.4.231008000\buildTransitive\Microsoft.UI.Xaml.Markup.Compiler.interop.targets" from project "C:\Personal Projects\SoundBar\SoundBar.csproj" (target "MarkupCompilePass1" depends on it):
     2>Done building target "GetVCInstallPath" in project "SoundBar.csproj".
     2>Target "GetPriIndexName" in file "C:\Users\UKGC\.nuget\packages\microsoft.windowsappsdk\1.4.231008000\buildTransitive\Microsoft.UI.Xaml.Markup.Compiler.interop.targets" from project "C:\Personal Projects\SoundBar\SoundBar.csproj" (target "MarkupCompilePass1" depends on it):
     2>Done building target "GetPriIndexName" in project "SoundBar.csproj".
     2>Target "GetPrecompiledHeaderFile" in file "C:\Users\UKGC\.nuget\packages\microsoft.windowsappsdk\1.4.231008000\buildTransitive\Microsoft.UI.Xaml.Markup.Compiler.interop.targets" from project "C:\Personal Projects\SoundBar\SoundBar.csproj" (target "MarkupCompilePass1" depends on it):
     2>Done building target "GetPrecompiledHeaderFile" in project "SoundBar.csproj".
     2>Target "MarkupCompilePass1" in file "C:\Users\UKGC\.nuget\packages\microsoft.windowsappsdk\1.4.231008000\buildTransitive\Microsoft.UI.Xaml.Markup.Compiler.interop.targets" from project "C:\Personal Projects\SoundBar\SoundBar.csproj" (target "PrepareResources" depends on it):
       Task "MakeDir"
       Done executing task "MakeDir".
       Assembly loaded during TaskRun: Microsoft.UI.Xaml.Markup.Compiler.IO, Version=3.0.0.2310, Culture=neutral, PublicKeyToken=de31ebe4ad15742b (location: C:\Users\UKGC\.nuget\packages\microsoft.windowsappsdk\1.4.231008000\tools\net5.0\Microsoft.UI.Xaml.Markup.Compiler.IO.dll, MVID: 8ef05aaa-f8ae-4cf4-919c-e7f996dd9e59, AssemblyLoadContext: MSBuild plugin C:\Users\UKGC\.nuget\packages\microsoft.windowsappsdk\1.4.231008000\tools\net5.0\Microsoft.UI.Xaml.Markup.Compiler.IO.dll)
       Assembly loaded during TaskRun: Microsoft.UI.Xaml.Markup.Compiler.MSBuildInterop, Version=3.0.0.2310, Culture=neutral, PublicKeyToken=de31ebe4ad15742b (location: C:\Users\UKGC\.nuget\packages\microsoft.windowsappsdk\1.4.231008000\tools\net5.0\Microsoft.UI.Xaml.Markup.Compiler.MSBuildInterop.dll, MVID: 518dc54b-6971-4299-860b-ca4c99d46ca2, AssemblyLoadContext: MSBuild plugin C:\Users\UKGC\.nuget\packages\microsoft.windowsappsdk\1.4.231008000\tools\net5.0\Microsoft.UI.Xaml.Markup.Compiler.IO.dll)
       Using "InputSerializer" task from assembly "C:\Users\UKGC\.nuget\packages\microsoft.windowsappsdk\1.4.231008000\buildTransitive\..\tools\net5.0\Microsoft.UI.Xaml.Markup.Compiler.IO.dll".
       Task "InputSerializer"
         Assembly loaded during TaskRun (Microsoft.UI.Xaml.Markup.Compiler.IO.InputSerializer): System.Text.Json, Version=6.0.0.0, Culture=neutral, PublicKeyToken=cc7b13ffcd2ddd51 (location: C:\Users\UKGC\.nuget\packages\microsoft.windowsappsdk\1.4.231008000\tools\net5.0\System.Text.Json.dll, MVID: 086d512a-2bc5-4265-aa92-dae69baacd13, AssemblyLoadContext: MSBuild plugin C:\Users\UKGC\.nuget\packages\microsoft.windowsappsdk\1.4.231008000\tools\net5.0\Microsoft.UI.Xaml.Markup.Compiler.IO.dll)
         Assembly loaded during TaskRun (Microsoft.UI.Xaml.Markup.Compiler.IO.InputSerializer): Microsoft.Bcl.AsyncInterfaces, Version=6.0.0.0, Culture=neutral, PublicKeyToken=cc7b13ffcd2ddd51 (location: C:\Users\UKGC\.nuget\packages\microsoft.windowsappsdk\1.4.231008000\tools\net5.0\Microsoft.Bcl.AsyncInterfaces.dll, MVID: b2422c07-7a9d-4584-af3f-f1d7011f6a5a, AssemblyLoadContext: MSBuild plugin C:\Users\UKGC\.nuget\packages\microsoft.windowsappsdk\1.4.231008000\tools\net5.0\Microsoft.UI.Xaml.Markup.Compiler.IO.dll)
         Assembly loaded during TaskRun (Microsoft.UI.Xaml.Markup.Compiler.IO.InputSerializer): System.Text.Encodings.Web, Version=6.0.0.0, Culture=neutral, PublicKeyToken=cc7b13ffcd2ddd51 (location: C:\Users\UKGC\.nuget\packages\microsoft.windowsappsdk\1.4.231008000\tools\net5.0\System.Text.Encodings.Web.dll, MVID: c7521d8a-f0e7-4fc7-b157-923bd9b7a91e, AssemblyLoadContext: MSBuild plugin C:\Users\UKGC\.nuget\packages\microsoft.windowsappsdk\1.4.231008000\tools\net5.0\Microsoft.UI.Xaml.Markup.Compiler.IO.dll)
         Assembly loaded during TaskRun (Microsoft.UI.Xaml.Markup.Compiler.IO.InputSerializer): mscorlib, Version=4.0.0.0, Culture=neutral, PublicKeyToken=b77a5c561934e089 (location: C:\Program Files\dotnet\shared\Microsoft.NETCore.App\10.0.9\mscorlib.dll, MVID: bddcbba6-c2ba-4358-8001-a3c2e332f0a6, AssemblyLoadContext: Default)
         Assembly loaded during TaskRun (Microsoft.UI.Xaml.Markup.Compiler.IO.InputSerializer): System.Core, Version=4.0.0.0, Culture=neutral, PublicKeyToken=b77a5c561934e089 (location: C:\Program Files\dotnet\shared\Microsoft.NETCore.App\10.0.9\System.Core.dll, MVID: 09f360b4-d6ab-4936-acaa-de63632a0a75, AssemblyLoadContext: Default)
         Assembly loaded during TaskRun (Microsoft.UI.Xaml.Markup.Compiler.IO.InputSerializer): System.Threading.Tasks.Extensions, Version=10.0.0.0, Culture=neutral, PublicKeyToken=cc7b13ffcd2ddd51 (location: C:\Program Files\dotnet\shared\Microsoft.NETCore.App\10.0.9\System.Threading.Tasks.Extensions.dll, MVID: 705beeda-f88c-4260-90bb-2f6b7b537593, AssemblyLoadContext: Default)
         Assembly loaded during TaskRun (Microsoft.UI.Xaml.Markup.Compiler.IO.InputSerializer): System.Buffers, Version=10.0.0.0, Culture=neutral, PublicKeyToken=cc7b13ffcd2ddd51 (location: C:\Program Files\dotnet\shared\Microsoft.NETCore.App\10.0.9\System.Buffers.dll, MVID: d77c0a30-4dc5-4215-88f2-63d22da12ca0, AssemblyLoadContext: Default)
       Done executing task "InputSerializer".
       Using "Exec" task from assembly "Microsoft.Build.Tasks.Core, Version=15.1.0.0, Culture=neutral, PublicKeyToken=b03f5f7f11d50a3a".
       Task "Exec"
         "C:\Users\UKGC\.nuget\packages\microsoft.windowsappsdk\1.4.231008000\buildTransitive\..\tools\net5.0\..\net472\XamlCompiler.exe" "obj\Debug\net10.0-windows10.0.19041.0\\input.json" "obj\Debug\net10.0-windows10.0.19041.0\\output.json"
     2>C:\Users\UKGC\.nuget\packages\microsoft.windowsappsdk\1.4.231008000\buildTransitive\Microsoft.UI.Xaml.Markup.Compiler.interop.targets(590,9): error MSB3073: The command ""C:\Users\UKGC\.nuget\packages\microsoft.windowsappsdk\1.4.231008000\buildTransitive\..\tools\net5.0\..\net472\XamlCompiler.exe" "obj\Debug\net10.0-windows10.0.19041.0\\input.json" "obj\Debug\net10.0-windows10.0.19041.0\\output.json"" exited with code 1. [C:\Personal Projects\SoundBar\SoundBar.csproj]
       Done executing task "Exec" -- FAILED.
     2>Done building target "MarkupCompilePass1" in project "SoundBar.csproj" -- FAILED.
     2>Target "_CheckForCompileOutputs" in file "C:\Program Files\dotnet\sdk\10.0.301\Microsoft.Common.CurrentVersion.targets" from project "C:\Personal Projects\SoundBar\SoundBar.csproj" (target "_CleanGetCurrentAndPriorFileWrites" depends on it):
       C:\Program Files\dotnet\sdk\10.0.301\Microsoft.Common.CurrentVersion.targets(5592,7): message : Property reassignment: $(_DebugSymbolsProduced)="false" (previous value: "true") at C:\Program Files\dotnet\sdk\10.0.301\Microsoft.Common.CurrentVersion.targets (5592,7) [C:\Personal Projects\SoundBar\SoundBar.csproj]
     2>Done building target "_CheckForCompileOutputs" in project "SoundBar.csproj".
     2>Target "_CleanGetCurrentAndPriorFileWrites" in file "C:\Program Files\dotnet\sdk\10.0.301\Microsoft.Common.CurrentVersion.targets" from project "C:\Personal Projects\SoundBar\SoundBar.csproj" (target "_CleanRecordFileWrites" depends on it):
       Using "ReadLinesFromFile" task from assembly "Microsoft.Build.Tasks.Core, Version=15.1.0.0, Culture=neutral, PublicKeyToken=b03f5f7f11d50a3a".
       Task "ReadLinesFromFile"
       Done executing task "ReadLinesFromFile".
       Using "ConvertToAbsolutePath" task from assembly "Microsoft.Build.Tasks.Core, Version=15.1.0.0, Culture=neutral, PublicKeyToken=b03f5f7f11d50a3a".
       Task "ConvertToAbsolutePath"
       Done executing task "ConvertToAbsolutePath".
       Using "FindUnderPath" task from assembly "Microsoft.Build.Tasks.Core, Version=15.1.0.0, Culture=neutral, PublicKeyToken=b03f5f7f11d50a3a".
       Task "FindUnderPath"
         Comparison path is "C:\Personal Projects\SoundBar".
       Done executing task "FindUnderPath".
       Task "FindUnderPath"
         Comparison path is "bin\Debug\net10.0-windows10.0.19041.0\".
       Done executing task "FindUnderPath".
       Task "FindUnderPath"
         Comparison path is "obj\Debug\net10.0-windows10.0.19041.0\".
       Done executing task "FindUnderPath".
       Using "RemoveDuplicates" task from assembly "Microsoft.Build.Tasks.Core, Version=15.1.0.0, Culture=neutral, PublicKeyToken=b03f5f7f11d50a3a".
       Task "RemoveDuplicates"
       Done executing task "RemoveDuplicates".
     2>Done building target "_CleanGetCurrentAndPriorFileWrites" in project "SoundBar.csproj".
     2>Target "_CleanRecordFileWrites" in file "C:\Program Files\dotnet\sdk\10.0.301\Microsoft.Common.CurrentVersion.targets" from project "C:\Personal Projects\SoundBar\SoundBar.csproj" (target "CoreBuild" depends on it):
       Task "RemoveDuplicates"
       Done executing task "RemoveDuplicates".
       Task "MakeDir"
       Done executing task "MakeDir".
       Task "WriteLinesToFile"
         Skipping write to file "obj\Debug\net10.0-windows10.0.19041.0\SoundBar.csproj.FileListAbsolute.txt" because content would not change.
       Done executing task "WriteLinesToFile".
     2>Done building target "_CleanRecordFileWrites" in project "SoundBar.csproj".
     2>Done Building Project "C:\Personal Projects\SoundBar\SoundBar.csproj" (default targets) -- FAILED.
     1>Done executing task "MSBuild" -- FAILED.
     1>Done building target "Build" in project "SoundBar.slnx" -- FAILED.
     1>Done Building Project "C:\Personal Projects\SoundBar\SoundBar.slnx" (default targets) -- FAILED.

Build FAILED.

       "C:\Personal Projects\SoundBar\SoundBar.slnx" (default target) (1) ->
       "C:\Personal Projects\SoundBar\SoundBar.csproj" (default target) (2) ->
       (MarkupCompilePass1 target) -> 
         C:\Users\UKGC\.nuget\packages\microsoft.windowsappsdk\1.4.231008000\buildTransitive\Microsoft.UI.Xaml.Markup.Compiler.interop.targets(590,9): error MSB3073: The command ""C:\Users\UKGC\.nuget\packages\microsoft.windowsappsdk\1.4.231008000\buildTransitive\..\tools\net5.0\..\net472\XamlCompiler.exe" "obj\Debug\net10.0-windows10.0.19041.0\\input.json" "obj\Debug\net10.0-windows10.0.19041.0\\output.json"" exited with code 1. [C:\Personal Projects\SoundBar\SoundBar.csproj]

    0 Warning(s)
    1 Error(s)

Time Elapsed 00:00:02.66
